group,problem,run_id,case_code,sources,cleared,full_clear,virtual_time_s,avg_clear_time_s,program_run_s,measure_calls,switches,clear_failures,fallback_actions,policy_deviations_from_prior,end_reason
PlanB-RL,3,36,VCHM-V4P7-TY9X-FY4U,15,15,1,5738.732339,382.582156,1.95,115,101,0,0,0,user_exit
PlanB-RL,3,37,BSFG-Q2U3-THRG-35W2,15,15,1,6115.995969,407.733065,2.66,115,96,0,0,0,user_exit
PlanB-RL,3,38,KNHG-PVBB-RXNY-YV5E,13,13,1,4784.43366,368.033358,1.865,105,91,0,0,0,user_exit
PlanB-RL,3,39,HZ3N-8Z2C-J9B3-SZMR,14,14,1,5498.790508,392.770751,1.802,104,88,0,0,0,user_exit
PlanB-RL,3,40,F66F-FDQ4-ZPNP-N3DN,10,10,1,4759.170181,475.917018,1.647,112,96,0,0,0,user_exit
PlanB-RL,3,41,9F3S-W429-52FF-3TEA,12,12,1,4907.990268,408.999189,1.466,117,104,0,0,0,user_exit
PlanB-RL,3,42,HNND-6GUG-H8M7-PFP6,11,11,1,5544.523863,504.047624,1.283,114,98,0,0,0,user_exit
PlanB-RL,3,43,CYR3-CWHA-P4Y8-KS2C,10,10,1,5172.011191,517.201119,1.542,119,104,0,0,0,user_exit
PlanB-RL,3,44,5MCX-QUU8-C4AS-6F7J,15,15,1,5548.458706,369.897247,1.712,105,89,0,0,0,user_exit
PlanB-RL,3,45,DQZC-PUHV-QH8P-VPRG,10,10,1,4636.778795,463.67788,1.731,109,98,0,0,0,user_exit
PlanB-RL,3,46,HR8V-WEDF-U8BP-B6ZM,13,13,1,6785.27128,521.943945,2.358,112,97,103,1,0,user_exit
PlanB-RL,3,47,8KKY-UY9U-QMX7-G4YY,16,16,1,6200.231623,387.514476,2.139,94,76,0,0,0,user_exit
PlanB-RL,3,48,QEV2-SKQY-8DS2-2TP7,11,11,1,4830.365068,439.124097,1.719,126,112,0,0,0,user_exit
PlanB-RL,3,49,XUBK-TQA8-9M4Z-3JQV,15,15,1,5763.366408,384.224427,2.065,106,95,0,0,0,user_exit
PlanB-RL,3,50,Z7UZ-BZRA-33B9-JJA8,14,14,1,6391.530609,456.537901,3.039,113,95,102,1,0,user_exit
PlanB-RL,3,51,TAKA-MV42-C84M-9WS6,11,11,1,5014.510022,455.864547,1.596,104,92,0,0,0,user_exit
PlanB-RL,3,52,F98B-3YCC-JP97-8RUB,15,15,1,5274.605199,351.640347,2.175,104,94,0,0,0,user_exit
PlanB-RL,3,53,K4HQ-PEF4-YC9E-N8G4,16,16,1,7153.687967,447.105498,3.593,104,91,106,1,0,user_exit
PlanB-RL,3,54,TYAQ-UY9V-Z8FU-HDSE,11,11,1,4994.088022,454.008002,1.672,117,100,0,0,0,user_exit
PlanB-RL,3,55,MWC5-QBJ5-85QK-BFAG,15,15,1,5759.442411,383.962827,2.286,114,100,0,0,0,user_exit
Traditional,3,1,3W53-5D3F-4W46-AWYJ,16,16,1,9105.639799,569.102487,3.786,97,85,0,,,user_exit
Traditional,3,3,T3N7-3QXQ-UPR5-MAPU,16,16,1,9488.57631,593.036019,3.689,100,84,0,,,user_exit
Traditional,3,5,DJKW-6YZ3-DXSV-BCYM,14,14,1,8758.346858,625.596204,3.16,121,108,0,,,user_exit
Traditional,3,6,57HH-J6BZ-MDMT-36V8,14,14,1,8537.649238,609.832088,3.318,116,102,56,,,user_exit
Traditional,3,7,RTYT-2D29-ZFX2-AYAA,15,15,1,9079.628745,605.308583,3.526,100,87,0,,,user_exit
Traditional,3,11,454J-GMXH-MG7D-JQQM,16,16,1,7583.434199,473.964637,6.574,97,93,0,,,user_exit
Traditional,3,12,4BKE-2XD7-5ZNX-FCDG,10,10,1,5130.831823,513.083182,2.917,103,99,0,,,user_exit
Traditional,3,13,UEZ7-VZRB-B8TC-UCHN,11,11,1,7393.689355,672.153578,6.175,118,107,0,,,user_exit
Traditional,3,26,THJW-AV8T-QDRZ-PJJ4,16,16,1,9900.713351,618.794584,3.921,97,82,0,,,user_exit
Traditional,3,27,7VA6-ZRBW-H8GJ-FT6X,11,11,1,6260.22825,569.111659,4.603,103,97,0,,,user_exit
Traditional,3,28,524K-UBRN-4YF8-BSMW,12,12,1,8565.992891,713.832741,3.067,125,110,0,,,user_exit
Traditional,3,29,MFNU-55MH-QTHA-MMCA,12,12,1,7789.793926,649.149494,5.844,124,115,0,,,user_exit
Traditional,3,30,79YU-XEF9-4STS-YKEB,13,13,1,7546.459005,580.496847,2.904,98,87,0,,,user_exit
Traditional,3,31,4FC8-YZT5-TN2G-4V6D,16,16,1,8542.950958,533.934435,7.318,88,80,0,,,user_exit
PlanB-RL,4,57,PZ5V-QJ3P-TG9Y-PUPP,15,15,1,13236.937292,882.462486,5.128,261,217,183,2,0,user_exit
PlanB-RL,4,58,WZ9B-M2J9-W298-G2M8,15,15,1,11041.430133,736.095342,3.543,273,236,0,0,0,user_exit
PlanB-RL,4,59,9KRQ-ZX2U-VSPM-J343,12,12,1,11592.825838,966.06882,4.054,389,352,0,0,0,user_exit
PlanB-RL,4,60,49Y6-YHTP-KS2V-RHE9,15,15,1,13009.033987,867.268932,4.539,325,278,88,1,0,user_exit
PlanB-RL,4,61,YEKM-UXBR-8W3X-DDVP,13,13,1,11292.445414,868.649647,4.129,347,305,0,0,0,user_exit
PlanB-RL,4,62,VB3U-Y4QV-WVG3-FW7X,11,11,1,13635.04396,1239.549451,4.974,420,365,90,1,0,user_exit
PlanB-RL,4,63,NBDX-TRN6-UUZM-T5QV,13,13,1,15144.812811,1164.985601,6.047,420,371,196,3,0,user_exit
PlanB-RL,4,64,K88A-JQDE-MSNN-DD3M,12,12,1,13160.225768,1096.685481,5.101,361,314,92,1,0,user_exit
PlanB-RL,4,65,6QD4-9HU4-YS69-8SCR,10,10,1,14142.33406,1414.233406,5.946,428,379,208,3,0,user_exit
PlanB-RL,4,66,9VD7-AZY9-QFS7-SJDP,10,10,1,14628.20955,1462.820955,6.275,402,355,280,3,0,user_exit
PlanB-RL,4,67,6VN5-EQ2G-MM62-356U,10,10,1,13106.311343,1310.631134,5.111,421,370,16,1,0,user_exit
PlanB-RL,4,68,ZWZK-9B8Y-MT4G-3Q8F,10,10,1,12693.059878,1269.305988,5.451,428,378,106,1,0,user_exit
PlanB-RL,4,69,WPSA-2BGM-HRA3-WGJ3,13,13,1,16420.441143,1263.110857,6.891,379,324,359,6,0,user_exit
PlanB-RL,4,70,N2PA-TCWC-PKPW-2KHV,10,10,1,12252.145679,1225.214568,5.092,385,340,90,1,0,user_exit
PlanB-RL,4,71,DWHS-38DS-P6P6-FDBT,10,10,1,12747.014542,1274.701454,4.689,392,345,103,1,0,user_exit
PlanB-RL,4,72,ZPQN-XKZA-YDSS-8JC2,12,12,1,14609.000723,1217.416727,4.921,363,308,94,2,0,user_exit
PlanB-RL,4,73,A9JA-B2ZV-5ZMV-KRG4,13,13,1,13521.194108,1040.091854,5.429,352,299,90,3,0,user_exit
PlanB-RL,4,74,TFZ2-6XFJ-F864-PN6G,10,10,1,12019.717181,1201.971718,4.462,360,318,96,1,0,user_exit
PlanB-RL,4,75,FTYJ-AUNB-4SC7-WWJC,16,16,1,12111.516397,756.969775,4.239,269,226,0,0,0,user_exit
PlanB-RL,4,76,N78Y-P44J-G4GJ-V95V,11,11,1,13169.922861,1197.265715,4.932,397,338,76,1,0,user_exit
Traditional,4,2,UY4R-5N2Y-76V8-EK3V,13,13,1,14788.41863,1137.570664,4.397,342,304,63,,,user_exit
Traditional,4,4,R5BV-9E95-QH6U-KE6G,11,11,1,13246.301561,1204.209233,3.367,347,311,0,,,user_exit
Traditional,4,8,MQ7M-FHTX-TGR9-SG9S,12,12,1,14794.028227,1232.835686,4.465,345,303,0,,,user_exit
Traditional,4,9,XCNA-GP3B-DC9S-NVEF,13,13,1,15350.786445,1180.829727,4.676,318,271,54,,,user_exit
Traditional,4,10,T8R3-GFEG-34BB-UVA9,16,16,1,19834.823691,1239.676481,6.461,323,274,175,,,user_exit
Traditional,4,14,6HJW-AQTK-YHM3-ZT8P,10,9,0,5184.380429,518.438043,4.679,110,107,0,,,user_exit
Traditional,4,15,VM87-MRBQ-83E9-QUH9,14,14,1,16958.89492,1211.349637,6.324,351,305,6,,,user_exit
Traditional,4,16,GJWR-YC8P-46G2-YEBV,15,15,1,14464.364696,964.29098,5.386,342,311,0,,,user_exit
Traditional,4,17,5SBF-6T5W-A9XK-FTBU,15,15,1,14208.677913,947.245194,5.528,288,250,0,,,user_exit
Traditional,4,18,Z6RA-P6KG-FQQE-Q3SW,11,11,1,11587.487765,1053.407979,4.932,317,289,0,,,user_exit
Traditional,4,19,T9SJ-EURM-KMWV-2D68,13,13,1,13904.722229,1069.594018,5.401,323,292,0,,,user_exit
Traditional,4,20,Z4XM-PNBZ-BSCQ-G488,13,13,1,12810.236907,985.402839,3.244,326,293,0,,,user_exit
Traditional,4,21,Z265-FBZ6-FMHK-YXAK,15,15,1,16568.536238,1104.569083,4.198,322,270,17,,,user_exit
Traditional,4,22,CGVM-SUYP-4R2B-VZK7,12,12,1,15814.191568,1317.849297,4.939,403,359,75,,,user_exit
Traditional,4,23,WZND-23HC-B654-H45N,16,16,1,14141.533825,883.845864,3.897,260,223,0,,,user_exit
Traditional,4,24,KDNK-7NEK-MQ6D-H674,14,14,1,13980.499206,998.607086,3.862,308,269,0,,,user_exit
Traditional,4,25,NMWJ-XVFX-SJ8C-BZTY,11,11,1,13617.754014,1237.977638,4.287,428,386,0,,,user_exit
