group,problem,run_id,case_code,sources,cleared,full_clear,virtual_time_s,avg_clear_time_s,program_run_s,measure_calls,switches,clear_failures,end_reason
Traditional,3,1,3W53-5D3F-4W46-AWYJ,16,16,1,9105.639799,569.102487,3.786,97,85,0,user_exit
Traditional,3,3,T3N7-3QXQ-UPR5-MAPU,16,16,1,9488.57631,593.036019,3.689,100,84,0,user_exit
Traditional,3,5,DJKW-6YZ3-DXSV-BCYM,14,14,1,8758.346858,625.596204,3.16,121,108,0,user_exit
Traditional,3,6,57HH-J6BZ-MDMT-36V8,14,14,1,8537.649238,609.832088,3.318,116,102,56,user_exit
Traditional,3,7,RTYT-2D29-ZFX2-AYAA,15,15,1,9079.628745,605.308583,3.526,100,87,0,user_exit
Traditional,3,11,454J-GMXH-MG7D-JQQM,16,16,1,7583.434199,473.964637,6.574,97,93,0,user_exit
Traditional,3,12,4BKE-2XD7-5ZNX-FCDG,10,10,1,5130.831823,513.083182,2.917,103,99,0,user_exit
Traditional,3,13,UEZ7-VZRB-B8TC-UCHN,11,11,1,7393.689355,672.153578,6.175,118,107,0,user_exit
Traditional,3,26,THJW-AV8T-QDRZ-PJJ4,16,16,1,9900.713351,618.794584,3.921,97,82,0,user_exit
Traditional,3,27,7VA6-ZRBW-H8GJ-FT6X,11,11,1,6260.22825,569.111659,4.603,103,97,0,user_exit
Traditional,3,28,524K-UBRN-4YF8-BSMW,12,12,1,8565.992891,713.832741,3.067,125,110,0,user_exit
Traditional,3,29,MFNU-55MH-QTHA-MMCA,12,12,1,7789.793926,649.149494,5.844,124,115,0,user_exit
Traditional,3,30,79YU-XEF9-4STS-YKEB,13,13,1,7546.459005,580.496847,2.904,98,87,0,user_exit
Traditional,3,31,4FC8-YZT5-TN2G-4V6D,16,16,1,8542.950958,533.934435,7.318,88,80,0,user_exit
OldPlanB,3,36,VCHM-V4P7-TY9X-FY4U,15,15,1,5738.732339,382.582156,1.95,115,101,0,user_exit
OldPlanB,3,37,BSFG-Q2U3-THRG-35W2,15,15,1,6115.995969,407.733065,2.66,115,96,0,user_exit
OldPlanB,3,38,KNHG-PVBB-RXNY-YV5E,13,13,1,4784.43366,368.033358,1.865,105,91,0,user_exit
OldPlanB,3,39,HZ3N-8Z2C-J9B3-SZMR,14,14,1,5498.790508,392.770751,1.802,104,88,0,user_exit
OldPlanB,3,40,F66F-FDQ4-ZPNP-N3DN,10,10,1,4759.170181,475.917018,1.647,112,96,0,user_exit
OldPlanB,3,41,9F3S-W429-52FF-3TEA,12,12,1,4907.990268,408.999189,1.466,117,104,0,user_exit
OldPlanB,3,42,HNND-6GUG-H8M7-PFP6,11,11,1,5544.523863,504.047624,1.283,114,98,0,user_exit
OldPlanB,3,43,CYR3-CWHA-P4Y8-KS2C,10,10,1,5172.011191,517.201119,1.542,119,104,0,user_exit
OldPlanB,3,44,5MCX-QUU8-C4AS-6F7J,15,15,1,5548.458706,369.897247,1.712,105,89,0,user_exit
OldPlanB,3,45,DQZC-PUHV-QH8P-VPRG,10,10,1,4636.778795,463.67788,1.731,109,98,0,user_exit
OldPlanB,3,46,HR8V-WEDF-U8BP-B6ZM,13,13,1,6785.27128,521.943945,2.358,112,97,103,user_exit
OldPlanB,3,47,8KKY-UY9U-QMX7-G4YY,16,16,1,6200.231623,387.514476,2.139,94,76,0,user_exit
OldPlanB,3,48,QEV2-SKQY-8DS2-2TP7,11,11,1,4830.365068,439.124097,1.719,126,112,0,user_exit
OldPlanB,3,49,XUBK-TQA8-9M4Z-3JQV,15,15,1,5763.366408,384.224427,2.065,106,95,0,user_exit
OldPlanB,3,50,Z7UZ-BZRA-33B9-JJA8,14,14,1,6391.530609,456.537901,3.039,113,95,102,user_exit
OldPlanB,3,51,TAKA-MV42-C84M-9WS6,11,11,1,5014.510022,455.864547,1.596,104,92,0,user_exit
OldPlanB,3,52,F98B-3YCC-JP97-8RUB,15,15,1,5274.605199,351.640347,2.175,104,94,0,user_exit
OldPlanB,3,53,K4HQ-PEF4-YC9E-N8G4,16,16,1,7153.687967,447.105498,3.593,104,91,106,user_exit
OldPlanB,3,54,TYAQ-UY9V-Z8FU-HDSE,11,11,1,4994.088022,454.008002,1.672,117,100,0,user_exit
OldPlanB,3,55,MWC5-QBJ5-85QK-BFAG,15,15,1,5759.442411,383.962827,2.286,114,100,0,user_exit
G25O,3,89,WQ6E-7RE4-9ZBJ-7SGU,13,13,1,4547.025367,349.771182,1.448,111,104,0,user_exit
G25O,3,90,DK6W-4JRS-9U2K-73AS,14,14,1,4222.668334,301.619167,1.5,109,101,2,user_exit
G25O,3,91,TY53-5Q9S-7ZYQ-QW2Q,10,10,1,3732.205208,373.220521,1.416,127,122,0,user_exit
G25O,3,92,R2JG-923S-KV5J-QSCZ,16,16,1,3779.305476,236.206592,1.269,83,70,0,user_exit
G25O,3,93,CUAZ-E82H-3ES9-CHUP,10,10,1,3481.273222,348.127322,0.821,106,104,0,user_exit
G25O,3,94,V7KU-H7CU-434Z-A9K5,10,10,1,3920.803595,392.080359,1.161,122,118,0,user_exit
G25O,3,95,B8SH-VUFF-DAAE-6QAG,15,15,1,4373.964889,291.597659,1.448,103,100,0,user_exit
G25O,3,96,TW24-YWEM-7M5R-G6HU,16,16,1,3892.150983,243.259436,0.966,83,78,0,user_exit
G25O,3,97,2HVE-5NFV-B8EV-UPPX,16,16,1,4090.67512,255.667195,1.367,93,85,1,user_exit
G25O,3,98,E4Q5-ZVXT-DDQC-DB43,11,11,1,4089.044841,371.731349,1.535,115,111,0,user_exit
G25O,3,99,84Q8-MUNR-7PEU-QRFR,13,13,1,4895.376124,376.567394,1.276,118,110,1,user_exit
G25O,3,100,3BD9-DSCA-MF5E-2QNY,10,10,1,4182.981921,418.298192,1.385,121,114,0,user_exit
G25O,3,101,7MB3-7DFE-RBV2-4E7H,16,16,1,4507.660628,281.728789,1.686,106,95,1,user_exit
G25O,3,102,Q3RB-CJ8X-H59D-BCGG,15,15,1,4062.41013,270.827342,1.308,103,98,0,user_exit
G25O,3,103,X39X-MBPH-JSGM-XKGH,11,11,1,3875.255158,352.295923,1.355,106,103,0,user_exit
G25O,3,104,SWRU-ZKQE-4D3C-6763,16,16,1,4355.62842,272.226776,1.269,116,113,0,user_exit
G25O,3,105,CZRG-WP5H-ANM7-R79N,11,11,1,4089.332819,371.757529,1.531,105,103,0,user_exit
G25O,3,106,N8WF-Q8B4-9Y4Z-DZ68,14,14,1,3558.839016,254.202787,1.384,93,91,0,user_exit
G25O,3,107,XZ55-MM58-YFWY-VY8G,13,13,1,3926.885845,302.068142,1.454,108,105,3,user_exit
G25O,3,108,B54M-FEK2-DCRK-XNUH,10,10,1,3948.757128,394.875713,1.431,119,115,0,user_exit
G25O,3,109,Y2PR-NAQV-XECA-ZF5C,12,12,1,4113.870796,342.822566,1.399,103,101,1,user_exit
G25O,3,110,WDDA-3JSH-UBGN-MXD2,15,15,1,4328.385221,288.559015,1.447,111,105,0,user_exit
G25O,3,111,7FY7-X9UA-42PW-E64Z,12,12,1,3894.315051,324.526254,1.279,116,115,1,user_exit
G25O,3,112,UAWK-8QG7-3C96-K6AZ,14,14,1,5026.469924,359.033566,1.276,110,100,0,user_exit
G25O,3,113,RSXZ-4QM8-69ZZ-MKHY,16,16,1,4233.86704,264.61669,1.141,95,87,1,user_exit
G25O,3,114,6HUU-MXX5-4PB8-NH9V,12,12,1,3802.532245,316.877687,1.055,113,110,0,user_exit
G25O,3,115,S2HN-6ZDG-9Q5G-ZYY8,13,13,1,4423.011669,340.231667,1.354,111,108,0,user_exit
G25O,3,116,82Y6-SQA9-8ZGQ-G9X2,14,14,1,4559.565164,325.683226,1.217,102,99,2,user_exit
G25O,3,117,R4DR-U42N-9CHX-KK5S,13,13,1,4000.129395,307.702261,1.499,108,102,0,user_exit
G25O,3,118,QSET-CSTJ-GM79-9M5X,11,11,1,4287.226531,389.747866,1.493,114,110,0,user_exit
G25O,3,119,53FW-6X67-YKTC-H83Y,12,12,1,3947.214371,328.934531,1.519,112,108,0,user_exit
G25O,3,120,GBDQ-YPA2-UNWX-Q2VD,15,15,1,4502.430685,300.162046,1.61,109,101,2,user_exit
G25O,3,121,CZ4M-GJ7J-XU62-54MW,10,10,1,3992.947408,399.294741,1.518,122,118,0,user_exit
G25O,3,122,65DW-6AF4-X5TK-VP2P,12,12,1,4192.917147,349.409762,1.054,116,112,0,user_exit
G25O,3,123,V5H5-YZ8U-TTVR-RF95,11,11,1,4330.719388,393.701763,1.128,113,109,0,user_exit
G25O,3,124,2YMT-KH55-FBVD-3YYJ,15,15,1,4403.455442,293.563696,1.181,108,103,1,user_exit
G25O,3,125,Y57V-CWGF-BQPW-29WH,16,16,1,5139.920129,321.245008,1.396,118,109,0,user_exit
G25O,3,126,2P2K-HCCF-D774-RTS2,11,11,1,3956.533045,359.684822,1.544,123,120,0,user_exit
G25O,3,127,JRB2-VK64-TCWF-CVAC,11,11,1,4158.110393,378.010036,1.142,112,110,0,user_exit
G25O,3,128,R2XH-XDGM-APK4-XMZT,16,16,1,4338.592355,271.162022,1.321,98,95,2,user_exit
G25O,3,129,Z5F2-PQFR-9BUD-T43V,11,11,1,4151.89164,377.444695,1.136,116,112,0,user_exit
G25O,3,130,NQAK-P8AZ-RN37-H875,13,13,1,4256.183578,327.398737,1.249,110,107,1,user_exit
G25O,3,131,KSWR-Y44V-V5DW-V78P,12,12,1,3819.107618,318.258968,1.293,116,110,2,user_exit
G25O,3,132,CWZJ-Q6JT-WRAA-U5YS,12,12,1,4225.87885,352.156571,1.098,108,103,1,user_exit
G25O,3,133,AB6X-FQA3-VDNP-GDBV,16,16,1,3860.388536,241.274283,1.041,94,86,0,user_exit
G25O,3,134,ZH7P-Y2TW-RH2G-9SBE,14,14,1,4425.884524,316.134609,1.141,99,97,4,user_exit
G25O,3,135,5N48-ANW2-2BDT-A4XA,14,14,1,3873.118347,276.651311,1.229,99,96,1,user_exit
G25O,3,136,7WZ2-4WYB-CMZ3-C9ZV,16,16,1,4362.554155,272.659635,1.336,99,90,1,user_exit
G25O,3,137,9B4R-B4BK-HBEP-ZFXD,13,13,1,3918.726612,301.440509,1.479,112,107,0,user_exit
G25O,3,138,4B8J-7K4R-XQKA-KBYT,15,15,1,4183.848514,278.923234,1.263,109,106,1,user_exit
G25O,3,139,58SY-QKBB-HYY9-YJYN,15,15,1,4743.405811,316.227054,1.44,103,95,0,user_exit
G25O,3,140,VHCC-9FSZ-ZEMV-SKBD,14,14,1,4317.005043,308.357503,1.455,122,116,0,user_exit
G25O,3,141,CZZG-WD7R-2XZX-KCR4,14,14,1,4860.455279,347.175377,1.226,113,106,0,user_exit
G25O,3,142,HKXF-V49N-XWZ8-3WEA,12,12,1,3977.641642,331.470137,1.295,112,108,0,user_exit
G25O,3,143,BG95-YAJQ-NVB9-YQN7,13,13,1,4092.723485,314.824883,1.552,122,117,0,user_exit
G25O,3,144,5GF8-ZQN4-9UJW-E3KQ,14,14,1,4159.173119,297.083794,1.503,107,100,0,user_exit
G25O,3,145,B3MC-PK4J-3U5J-TV7C,14,14,1,4285.598428,306.114173,1.255,104,99,1,user_exit
G25O,3,146,STH3-WWV8-MUWP-P7SA,13,13,1,3896.935957,299.764304,1.561,109,106,1,user_exit
G25O,3,147,KRQA-324E-RWY3-H6Z6,15,15,1,3931.673897,262.111593,1.309,99,96,1,user_exit
G25O,3,148,7KWE-AB98-AMH7-6MPG,11,11,1,4048.841209,368.076474,1.4,120,115,0,user_exit
G25O,3,149,ZXY7-N6JV-PJPC-3E7M,14,14,1,4035.142971,288.224498,1.548,118,113,0,user_exit
G25O,3,150,FGBZ-CURN-QYJD-CTCP,13,13,1,4751.371959,365.490151,1.204,110,101,2,user_exit
G25O,3,151,6ETY-QYWS-272A-PUAA,14,14,1,4339.965521,309.997537,1.625,108,104,1,user_exit
G25O,3,152,3GNF-2KPF-GB7J-WX6G,16,16,1,4336.739671,271.046229,1.551,113,106,0,user_exit
G25O,3,153,55BY-H8JP-B8GY-35WV,10,10,1,3749.925812,374.992581,1.543,114,111,1,user_exit
G25O,3,154,WMXB-6Y5P-C9YH-9RBH,14,14,1,4479.361797,319.954414,1.65,106,99,2,user_exit
G25O,3,155,46PE-DPNR-A7YQ-535Y,10,10,1,3587.240675,358.724067,1.354,114,110,0,user_exit
G25O,3,156,YQBZ-MQP8-W8T8-MVET,16,16,1,3987.190781,249.199424,1.415,96,88,0,user_exit
G25O,3,157,PFSB-NRMV-T733-3THU,15,15,1,4117.97174,274.531449,1.177,99,95,2,user_exit
G25O,3,158,9E34-SAUB-3CU2-T9KF,13,13,1,4276.293128,328.945625,1.564,110,107,0,user_exit
G25O,3,159,3EJQ-VV4G-F7PS-TKV4,10,10,1,4227.915068,422.791507,1.253,123,115,2,user_exit
G25O,3,160,4C7D-HNFG-RDSQ-6G5Y,14,14,1,3625.19905,258.942789,1.49,100,97,1,user_exit
G25O,3,161,VJWT-YR3F-PREU-YWYC,13,13,1,4253.416806,327.185908,1.519,107,105,0,user_exit
G25O,3,162,T52P-FCCF-JFPY-5MQX,12,12,1,4144.027674,345.33564,1.536,111,105,0,user_exit
G25O,3,163,MXD3-XNYM-4GFW-C7V7,14,14,1,4293.68512,306.691794,1.221,108,101,0,user_exit
G25O,3,164,3MWQ-VN5E-PP47-CYSH,11,11,1,3779.598235,343.59984,1.446,113,110,1,user_exit
G25O,3,165,H7J7-FC55-8WJ6-PSN6,14,14,1,3924.563022,280.32593,1.289,103,101,0,user_exit
G25O,3,166,5V78-6JJP-DVDK-3VK2,14,14,1,4121.954099,294.425293,1.348,108,103,1,user_exit
G25O,3,167,EX74-N3T2-DXAU-XK97,13,13,1,4340.52499,333.886538,1.218,112,107,0,user_exit
G25O,3,168,YBFS-C5UU-WH49-UJUY,15,15,1,4152.249359,276.816624,1.255,99,96,1,user_exit
G25O,3,169,ZVQK-MJ25-HQHP-GP4R,10,10,1,3681.235237,368.123524,1.325,119,112,0,user_exit
G25O,3,170,339P-VJSJ-KR2S-6PYP,16,16,1,4528.540816,283.033801,1.354,94,83,1,user_exit
G25O,3,171,VYK4-JQPU-63AF-PQ4F,16,16,1,4170.350959,260.646935,1.359,90,84,1,user_exit
G25O,3,172,5PYY-5DCT-4ZT5-62RA,14,14,1,4128.788514,294.913465,1.2,102,100,2,user_exit
G25O,3,173,76XF-CCXY-66RF-EC3H,11,11,1,4243.512833,385.773894,1.356,114,110,0,user_exit
G25O,3,174,ZWAY-XFRM-E397-7T6Z,12,12,1,3756.720103,313.060009,1.125,108,105,1,user_exit
G25O,3,175,5MDF-VK43-XYC5-4FPT,16,16,1,4335.598059,270.974879,1.401,111,103,0,user_exit
G25O,3,176,H4BH-RRXW-JCWS-FFC3,14,14,1,4297.79435,306.985311,1.366,106,102,1,user_exit
G25O,3,177,FQ98-DJTF-VMJT-N246,15,15,1,4320.868575,288.057905,1.172,104,101,2,user_exit
G25O,3,178,R9BK-KXYZ-JMC2-2UFA,13,13,1,4272.955012,328.688847,1.45,103,99,2,user_exit
G25O,3,179,VR3M-MPPM-UE3V-KZAR,13,13,1,4205.794008,323.522616,1.247,111,108,3,user_exit
G25O,3,180,ZSM3-729M-ZMZF-M72D,13,13,1,4847.18463,372.860356,1.52,118,112,0,user_exit
G25O,3,181,H589-CRE3-RWAF-MZHC,15,15,1,4387.864158,292.524277,1.517,101,96,0,user_exit
G25O,3,182,SAP8-BZB4-94EZ-9KXH,13,13,1,4606.392141,354.337857,1.425,106,104,0,user_exit
G25O,3,183,PWYG-KF6D-Z8RE-NJRY,12,12,1,4313.425707,359.452142,1.384,110,105,0,user_exit
G25O,3,184,WKVF-X4EX-6533-KNBY,13,13,1,3870.514602,297.731892,1.459,103,102,0,user_exit
G25O,3,185,ASK5-QE5K-73YA-KHSS,15,15,1,3938.571892,262.571459,1.652,108,103,0,user_exit
G25O,3,186,YU2M-MZQP-THJQ-H23W,14,14,1,4363.218357,311.658454,1.196,104,101,0,user_exit
G25O,3,187,RX5Z-EZZH-9NKK-7RZE,14,14,1,4441.011273,317.215091,1.154,107,103,0,user_exit
G25O,3,188,T3QE-AM6E-5QCQ-HQM2,16,16,1,4491.399531,280.712471,1.419,118,109,0,user_exit
Traditional,4,2,UY4R-5N2Y-76V8-EK3V,13,13,1,14788.41863,1137.570664,4.397,342,304,63,user_exit
Traditional,4,4,R5BV-9E95-QH6U-KE6G,11,11,1,13246.301561,1204.209233,3.367,347,311,0,user_exit
Traditional,4,8,MQ7M-FHTX-TGR9-SG9S,12,12,1,14794.028227,1232.835686,4.465,345,303,0,user_exit
Traditional,4,9,XCNA-GP3B-DC9S-NVEF,13,13,1,15350.786445,1180.829727,4.676,318,271,54,user_exit
Traditional,4,10,T8R3-GFEG-34BB-UVA9,16,16,1,19834.823691,1239.676481,6.461,323,274,175,user_exit
Traditional,4,14,6HJW-AQTK-YHM3-ZT8P,10,9,0,5184.380429,518.438043,4.679,110,107,0,user_exit
Traditional,4,15,VM87-MRBQ-83E9-QUH9,14,14,1,16958.89492,1211.349637,6.324,351,305,6,user_exit
Traditional,4,16,GJWR-YC8P-46G2-YEBV,15,15,1,14464.364696,964.29098,5.386,342,311,0,user_exit
Traditional,4,17,5SBF-6T5W-A9XK-FTBU,15,15,1,14208.677913,947.245194,5.528,288,250,0,user_exit
Traditional,4,18,Z6RA-P6KG-FQQE-Q3SW,11,11,1,11587.487765,1053.407979,4.932,317,289,0,user_exit
Traditional,4,19,T9SJ-EURM-KMWV-2D68,13,13,1,13904.722229,1069.594018,5.401,323,292,0,user_exit
Traditional,4,20,Z4XM-PNBZ-BSCQ-G488,13,13,1,12810.236907,985.402839,3.244,326,293,0,user_exit
Traditional,4,21,Z265-FBZ6-FMHK-YXAK,15,15,1,16568.536238,1104.569083,4.198,322,270,17,user_exit
Traditional,4,22,CGVM-SUYP-4R2B-VZK7,12,12,1,15814.191568,1317.849297,4.939,403,359,75,user_exit
Traditional,4,23,WZND-23HC-B654-H45N,16,16,1,14141.533825,883.845864,3.897,260,223,0,user_exit
Traditional,4,24,KDNK-7NEK-MQ6D-H674,14,14,1,13980.499206,998.607086,3.862,308,269,0,user_exit
Traditional,4,25,NMWJ-XVFX-SJ8C-BZTY,11,11,1,13617.754014,1237.977638,4.287,428,386,0,user_exit
OldPlanB,4,57,PZ5V-QJ3P-TG9Y-PUPP,15,15,1,13236.937292,882.462486,5.128,261,217,183,user_exit
OldPlanB,4,58,WZ9B-M2J9-W298-G2M8,15,15,1,11041.430133,736.095342,3.543,273,236,0,user_exit
OldPlanB,4,59,9KRQ-ZX2U-VSPM-J343,12,12,1,11592.825838,966.06882,4.054,389,352,0,user_exit
OldPlanB,4,60,49Y6-YHTP-KS2V-RHE9,15,15,1,13009.033987,867.268932,4.539,325,278,88,user_exit
OldPlanB,4,61,YEKM-UXBR-8W3X-DDVP,13,13,1,11292.445414,868.649647,4.129,347,305,0,user_exit
OldPlanB,4,62,VB3U-Y4QV-WVG3-FW7X,11,11,1,13635.04396,1239.549451,4.974,420,365,90,user_exit
OldPlanB,4,63,NBDX-TRN6-UUZM-T5QV,13,13,1,15144.812811,1164.985601,6.047,420,371,196,user_exit
OldPlanB,4,64,K88A-JQDE-MSNN-DD3M,12,12,1,13160.225768,1096.685481,5.101,361,314,92,user_exit
OldPlanB,4,65,6QD4-9HU4-YS69-8SCR,10,10,1,14142.33406,1414.233406,5.946,428,379,208,user_exit
OldPlanB,4,66,9VD7-AZY9-QFS7-SJDP,10,10,1,14628.20955,1462.820955,6.275,402,355,280,user_exit
OldPlanB,4,67,6VN5-EQ2G-MM62-356U,10,10,1,13106.311343,1310.631134,5.111,421,370,16,user_exit
OldPlanB,4,68,ZWZK-9B8Y-MT4G-3Q8F,10,10,1,12693.059878,1269.305988,5.451,428,378,106,user_exit
OldPlanB,4,69,WPSA-2BGM-HRA3-WGJ3,13,13,1,16420.441143,1263.110857,6.891,379,324,359,user_exit
OldPlanB,4,70,N2PA-TCWC-PKPW-2KHV,10,10,1,12252.145679,1225.214568,5.092,385,340,90,user_exit
OldPlanB,4,71,DWHS-38DS-P6P6-FDBT,10,10,1,12747.014542,1274.701454,4.689,392,345,103,user_exit
OldPlanB,4,72,ZPQN-XKZA-YDSS-8JC2,12,12,1,14609.000723,1217.416727,4.921,363,308,94,user_exit
OldPlanB,4,73,A9JA-B2ZV-5ZMV-KRG4,13,13,1,13521.194108,1040.091854,5.429,352,299,90,user_exit
OldPlanB,4,74,TFZ2-6XFJ-F864-PN6G,10,10,1,12019.717181,1201.971718,4.462,360,318,96,user_exit
OldPlanB,4,75,FTYJ-AUNB-4SC7-WWJC,16,16,1,12111.516397,756.969775,4.239,269,226,0,user_exit
OldPlanB,4,76,N78Y-P44J-G4GJ-V95V,11,11,1,13169.922861,1197.265715,4.932,397,338,76,user_exit
G25O,4,189,UXHW-B9FS-WGFD-FMU6,13,13,1,7253.225831,557.940449,2.532,266,257,0,user_exit
G25O,4,190,YJ65-4TW4-63WT-FJZW,13,13,1,7085.351924,545.027071,2.884,287,276,0,user_exit
G25O,4,191,J7H5-463K-5WNX-8NMD,15,15,1,7037.91527,469.194351,2.676,266,258,0,user_exit
G25O,4,192,BGET-FSBZ-SB5S-3GU7,12,12,1,7452.61683,621.051402,3.014,284,271,0,user_exit
G25O,4,193,YZTV-4QCA-9UC5-E68U,10,10,1,7381.836048,738.183605,4.009,355,347,0,user_exit
G25O,4,194,U2JV-BD7Z-Z585-FWNZ,15,15,1,7477.478507,498.498567,3.565,307,300,1,user_exit
G25O,4,195,THYJ-ZWZV-7RQY-265P,16,16,1,6527.641794,407.977612,2.767,234,218,1,user_exit
G25O,4,196,V8UN-T8K7-PE5T-AZ9M,14,14,1,7726.021002,551.858643,3.005,273,262,0,user_exit
G25O,4,197,K876-P3E6-Y8Q2-UU6N,15,15,1,7177.875228,478.525015,2.898,231,222,0,user_exit
G25O,4,198,P8HW-DGYA-CQ3K-JZVJ,15,15,1,7945.447937,529.696529,2.778,253,246,0,user_exit
G25O,4,199,MH5C-RFHU-M5Y3-3TUA,15,15,1,7591.816076,506.121072,3.318,300,280,0,user_exit
G25O,4,200,MH28-QZR6-HZKH-XWG5,15,15,1,7400.702188,493.380146,3.193,284,277,0,user_exit
G25O,4,201,Y6Z9-5EYM-VNNF-447N,14,14,1,7235.737032,516.838359,2.626,282,270,0,user_exit
G25O,4,202,BY7H-YD76-ARB6-HH97,13,13,1,6890.680975,530.052383,2.341,234,222,0,user_exit
G25O,4,203,RCDH-EPAU-QSW9-RVNE,11,11,1,7312.615912,664.783265,3.692,338,330,0,user_exit
G25O,4,204,AFG5-U3NW-A8G4-AMYV,11,11,1,7326.935015,666.085001,2.984,314,306,0,user_exit
G25O,4,205,QU4B-BR74-AUNK-6CZF,10,10,1,7256.091412,725.609141,2.895,313,302,0,user_exit
G25O,4,206,CQVQ-GDQD-2WHV-MECT,16,16,1,4458.468007,278.65425,1.667,150,129,0,user_exit
G25O,4,207,YAGF-SEMV-XBYU-A56Y,15,15,1,7778.963078,518.597539,3.83,292,280,0,user_exit
G25O,4,208,2B4S-SGE3-E5PV-4MTC,12,12,1,6877.084665,573.090389,2.811,278,264,0,user_exit
G25O,4,209,C6UT-J663-R4WY-JRCY,10,10,1,7279.750525,727.975053,3.068,319,308,0,user_exit
G25O,4,210,JNP3-WMFH-J4SU-P3QM,12,12,1,6937.27305,578.106087,2.908,257,245,0,user_exit
G25O,4,211,NSF6-HVMJ-QW3S-3Y44,12,12,1,7754.955624,646.246302,3.14,316,301,0,user_exit
G25O,4,212,R8MN-U3BR-H3G7-ZKQ9,11,11,1,6851.945469,622.904134,2.802,292,285,0,user_exit
G25O,4,213,UPZB-5SFD-JE4N-7GRJ,12,12,1,6846.809203,570.567434,2.713,287,275,0,user_exit
G25O,4,214,9YK9-9SQQ-8UDF-STFX,10,10,1,7534.128633,753.412863,3.745,342,328,0,user_exit
G25O,4,215,GKX6-BWRU-88TN-NQ5C,11,11,1,6778.769113,616.251738,2.988,301,292,0,user_exit
G25O,4,216,XSKU-P438-X5ZZ-TR8X,13,13,1,7799.935987,599.995076,3.91,325,316,0,user_exit
G25O,4,217,CPVG-SBVW-588M-YFBJ,12,12,1,7081.862554,590.155213,2.627,267,257,0,user_exit
G25O,4,218,4UY2-77B7-ATH2-ZJCN,10,10,1,7207.750042,720.775004,3.11,304,287,0,user_exit
G25O,4,219,C7FQ-VD77-QHUG-3WMX,12,12,1,7269.327455,605.777288,2.212,280,269,0,user_exit
G25O,4,220,PD97-7TA8-9QWJ-2FCT,16,16,1,6215.345712,388.459107,2.677,219,206,0,user_exit
G25O,4,221,QMY7-T6JG-QXED-7FUW,14,14,1,7291.319422,520.80853,2.887,287,278,0,user_exit
G25O,4,222,ZMZ2-J2DM-2AEQ-E9Q4,14,14,1,7178.135891,512.723992,3.004,235,224,0,user_exit
G25O,4,223,SK68-5J72-N78T-2UFV,11,11,1,7101.656161,645.605106,3.671,284,270,0,user_exit
G25O,4,224,NEZN-U2JK-4CAX-BY83,14,14,1,9222.053093,658.718078,3.34,369,332,0,user_exit
G25O,4,225,APR7-KE77-27DS-G6YY,13,13,1,7055.892937,542.760995,2.801,261,254,0,user_exit
G25O,4,226,7PRX-GV98-VMYQ-P92Y,14,14,1,7545.869305,538.990665,3.282,300,286,0,user_exit
G25O,4,227,83QB-8UPY-8E7A-ZSD3,14,14,1,7908.520498,564.894321,3.101,317,307,0,user_exit
G25O,4,228,Z7UZ-JVWB-JWKP-NQXS,16,16,1,6122.101743,382.631359,2.703,217,209,0,user_exit
G25O,4,229,9Z4D-GXX7-K26G-36Y5,12,12,1,7625.64962,635.470802,2.723,311,298,0,user_exit
G25O,4,230,F3QE-FHTA-6T9S-CPNA,14,14,1,7677.688905,548.40635,3.623,332,315,0,user_exit
G25O,4,231,ND46-XM3W-BRMV-VZGN,15,15,1,7910.322244,527.354816,2.38,278,253,0,user_exit
G25O,4,232,AU36-GTRD-PTPR-C3GT,10,10,1,7239.133885,723.913388,3.536,331,319,0,user_exit
G25O,4,233,RQHG-NGXC-8XW5-53DK,10,10,1,7154.862216,715.486222,3.773,331,322,0,user_exit
G25O,4,234,9JBA-6H9Q-SWWE-JH5A,10,10,1,7992.919691,799.291969,3.161,375,352,0,user_exit
G25O,4,235,MBR7-R9DM-U58E-GK9X,10,10,1,7387.270768,738.727077,2.991,319,307,0,user_exit
G25O,4,236,S7ZM-RXXF-8AYC-8HPE,13,13,1,7340.217864,564.632143,3.334,274,266,0,user_exit
G25O,4,237,9Q7F-HG65-AA3C-5Y6Z,14,14,1,7451.013729,532.215266,3.118,238,229,0,user_exit
G25O,4,238,YP4R-X94W-VXE9-DF9Z,14,14,1,7224.060606,516.004329,2.585,234,225,0,user_exit
G25O,4,239,U7KP-UFDY-RVY7-4JJQ,10,10,1,7687.752689,768.775269,3.805,337,331,0,user_exit
G25O,4,240,2CJU-28B7-4AS5-6Q52,12,12,1,7830.952324,652.57936,3.033,313,290,0,user_exit
G25O,4,241,HWCK-DZXD-J3K7-3PFU,13,13,1,7617.682443,585.975573,3.652,304,294,0,user_exit
G25O,4,242,4BNB-PJ3P-WW32-FHSN,10,10,1,7001.538302,700.15383,2.902,325,309,1,user_exit
G25O,4,243,Z6QB-ZQZB-H3T5-UWQN,10,10,1,7246.712879,724.671288,3.919,311,301,0,user_exit
G25O,4,244,QAMV-RNQ4-TYK5-NX8U,10,10,1,7348.255122,734.825512,3.64,311,300,0,user_exit
G25O,4,245,E5UK-KKF7-TYZW-5U9U,16,16,1,5037.447755,314.840485,1.889,175,164,0,user_exit
G25O,4,246,8A3D-Y733-ASQV-8Z37,11,11,1,7621.570979,692.870089,2.401,339,321,0,user_exit
G25O,4,247,JXRR-EKMR-F4ZG-M63M,10,10,1,7549.64362,754.964362,3.518,344,332,0,user_exit
G25O,4,248,GDCR-MGJR-KKFC-YZ5Y,16,16,1,7137.97367,446.123354,2.905,239,231,0,user_exit
G25O,4,249,D66X-CFYK-DPQK-67WD,15,15,1,7183.084,478.872267,2.543,225,215,0,user_exit
G25O,4,250,VUDK-A8ZQ-EYP6-3MZX,10,10,1,7696.045077,769.604508,4.14,361,351,0,user_exit
G25O,4,251,7YK7-KPYF-B8KS-N2QG,11,11,1,7913.949126,719.449921,3.572,328,322,0,user_exit
G25O,4,252,VG4V-D2RR-V3VS-VYQW,14,14,1,7398.89678,528.492627,2.859,288,277,0,user_exit
G25O,4,253,T7CK-EZ62-C9H2-VF7M,16,16,1,4616.00597,288.500373,2.436,162,150,0,user_exit
G25O,4,254,BMP8-ZY9B-Y2Q7-ZZR5,13,13,1,7634.279273,587.252252,3.042,299,283,0,user_exit
G25O,4,255,4DRV-FVC7-JVV3-K76X,10,10,1,6967.120599,696.71206,3.492,327,318,0,user_exit
G25O,4,256,CG6Z-D8R7-KAGB-FG2F,10,10,1,7276.922712,727.692271,3.237,314,304,0,user_exit
G25O,4,257,DHCR-8EEQ-SJ2A-YCA3,13,13,1,7268.334609,559.102662,2.765,248,236,0,user_exit
G25O,4,258,JYKD-C4AA-GYXR-Y7KV,13,13,1,6977.197979,536.707537,2.958,291,284,0,user_exit
G25O,4,259,T7CX-39Y9-SHEE-BVV4,15,15,1,7352.752331,490.183489,2.93,279,270,0,user_exit
G25O,4,260,VAWN-3EZE-DK3M-EFVA,11,11,1,7300.87057,663.715506,3.13,303,291,0,user_exit
G25O,4,261,H3WC-966C-EGGP-AMFC,15,15,1,6881.165829,458.744389,2.487,250,240,0,user_exit
G25O,4,262,4M79-BD39-HBQE-UGKN,13,13,1,7223.861012,555.681616,2.698,314,310,0,user_exit
G25O,4,263,75M9-URWZ-M9V9-7TCC,16,16,1,4791.942448,299.496403,2.388,188,170,0,user_exit
G25O,4,264,VMXK-77QD-MD8Q-M94Z,11,11,1,7656.902836,696.082076,2.892,304,294,0,user_exit
G25O,4,265,PBZE-G5N7-MJ5F-M7SJ,11,11,1,7475.265026,679.569548,3.169,292,282,0,user_exit
G25O,4,266,77G6-N549-ANGD-NT77,13,13,1,7724.315186,594.178091,3.473,279,270,0,user_exit
G25O,4,267,MT5B-VJPZ-PDDS-7QAS,16,16,1,7312.592719,457.037045,2.461,261,245,0,user_exit
G25O,4,268,CCCE-3AR3-SABA-VVSS,10,10,1,7661.431917,766.143192,3.486,359,350,0,user_exit
G25O,4,269,CJNW-C82Z-VG2Y-B8S5,15,15,1,7056.378628,470.425242,2.559,225,213,0,user_exit
G25O,4,270,ACKS-YNCC-MEVV-U98P,10,10,1,7642.550043,764.255004,3.586,319,311,0,user_exit
G25O,4,271,PA7M-RCR2-W24F-WAAU,13,13,1,7519.163635,578.397203,3.032,261,249,0,user_exit
G25O,4,272,XB78-3EVC-R2HN-MV9F,15,15,1,7503.910045,500.26067,3.214,251,244,0,user_exit
G25O,4,273,JMC5-C8U9-8X4G-WVXT,11,11,1,7426.972479,675.179316,3.761,329,316,0,user_exit
G25O,4,274,XCTX-PX8C-DZX9-R9U4,16,16,1,4468.984264,279.311516,2.207,176,160,0,user_exit
G25O,4,275,NBMN-7NJP-ZTRE-SX8S,11,11,1,7454.337134,677.667012,3.338,313,306,0,user_exit
G25O,4,276,GZT5-GC6S-BFPM-DS3H,15,15,1,7528.612854,501.907524,3.0,241,232,0,user_exit
G25O,4,277,F8U4-V577-354Z-ASQ7,12,12,1,8259.687013,688.307251,3.867,352,337,0,user_exit
G25O,4,278,V8CZ-SXTU-WVKW-VJBA,11,11,1,7452.676005,677.516,3.179,343,332,0,user_exit
G25O,4,279,9BXV-J77Y-UTZR-GNUS,12,12,1,6651.77625,554.314687,2.652,266,255,0,user_exit
G25O,4,280,PAXQ-T9KK-KUEA-QU9W,16,16,1,4399.521007,274.970063,2.044,155,146,0,user_exit
G25O,4,281,DTB4-FKGJ-VSW9-HESU,16,16,1,3821.294166,238.830885,1.462,115,106,1,user_exit
G25O,4,282,RV6G-C74E-T9PS-YQYN,14,14,1,7161.949365,511.567812,2.817,238,232,0,user_exit
G25O,4,283,WBYY-KPNZ-MUW6-DYNZ,12,12,1,7591.895692,632.657974,3.271,343,334,0,user_exit
G25O,4,284,9TYF-NSN3-JA5B-F37F,15,15,1,7125.633101,475.042207,3.105,248,242,0,user_exit
G25O,4,285,RSAQ-SM3J-SXPD-EKFB,14,14,1,7020.104962,501.436069,2.573,230,220,0,user_exit
G25O,4,286,TFAN-AVYA-ZMXH-RU9Y,12,12,1,7616.407963,634.700664,3.213,302,291,0,user_exit
G25O,4,287,HPES-J528-3E99-337A,16,16,1,4215.757997,263.484875,1.799,153,147,0,user_exit
G25O,4,288,EBUA-JE98-X5SX-ZM2A,10,10,1,7637.39856,763.739856,3.502,363,351,0,user_exit
