variant,problem,run_id,case_code,sources,cleared,full_clear,virtual_time_s,v_per_source_s,program_run_s,measure_calls,switches,clear_failures
G25O,3,89,WQ6E-7RE4-9ZBJ-7SGU,13,13,1,4547.025367,349.771182,1.448,111,104,0
G25O,3,90,DK6W-4JRS-9U2K-73AS,14,14,1,4222.668334,301.619167,1.5,109,101,2
G25O,3,91,TY53-5Q9S-7ZYQ-QW2Q,10,10,1,3732.205208,373.220521,1.416,127,122,0
G25O,3,92,R2JG-923S-KV5J-QSCZ,16,16,1,3779.305476,236.206592,1.269,83,70,0
G25O,3,93,CUAZ-E82H-3ES9-CHUP,10,10,1,3481.273222,348.127322,0.821,106,104,0
G25O,3,94,V7KU-H7CU-434Z-A9K5,10,10,1,3920.803595,392.080359,1.161,122,118,0
G25O,3,95,B8SH-VUFF-DAAE-6QAG,15,15,1,4373.964889,291.597659,1.448,103,100,0
G25O,3,96,TW24-YWEM-7M5R-G6HU,16,16,1,3892.150983,243.259436,0.966,83,78,0
G25O,3,97,2HVE-5NFV-B8EV-UPPX,16,16,1,4090.67512,255.667195,1.367,93,85,1
G25O,3,98,E4Q5-ZVXT-DDQC-DB43,11,11,1,4089.044841,371.731349,1.535,115,111,0
G25O,3,99,84Q8-MUNR-7PEU-QRFR,13,13,1,4895.376124,376.567394,1.276,118,110,1
G25O,3,100,3BD9-DSCA-MF5E-2QNY,10,10,1,4182.981921,418.298192,1.385,121,114,0
G25O,3,101,7MB3-7DFE-RBV2-4E7H,16,16,1,4507.660628,281.728789,1.686,106,95,1
G25O,3,102,Q3RB-CJ8X-H59D-BCGG,15,15,1,4062.41013,270.827342,1.308,103,98,0
G25O,3,103,X39X-MBPH-JSGM-XKGH,11,11,1,3875.255158,352.295923,1.355,106,103,0
G25O,3,104,SWRU-ZKQE-4D3C-6763,16,16,1,4355.62842,272.226776,1.269,116,113,0
G25O,3,105,CZRG-WP5H-ANM7-R79N,11,11,1,4089.332819,371.757529,1.531,105,103,0
G25O,3,106,N8WF-Q8B4-9Y4Z-DZ68,14,14,1,3558.839016,254.202787,1.384,93,91,0
G25O,3,107,XZ55-MM58-YFWY-VY8G,13,13,1,3926.885845,302.068142,1.454,108,105,3
G25O,3,108,B54M-FEK2-DCRK-XNUH,10,10,1,3948.757128,394.875713,1.431,119,115,0
G25O,3,109,Y2PR-NAQV-XECA-ZF5C,12,12,1,4113.870796,342.822566,1.399,103,101,1
G25O,3,110,WDDA-3JSH-UBGN-MXD2,15,15,1,4328.385221,288.559015,1.447,111,105,0
G25O,3,111,7FY7-X9UA-42PW-E64Z,12,12,1,3894.315051,324.526254,1.279,116,115,1
G25O,3,112,UAWK-8QG7-3C96-K6AZ,14,14,1,5026.469924,359.033566,1.276,110,100,0
G25O,3,113,RSXZ-4QM8-69ZZ-MKHY,16,16,1,4233.86704,264.61669,1.141,95,87,1
G25O,3,114,6HUU-MXX5-4PB8-NH9V,12,12,1,3802.532245,316.877687,1.055,113,110,0
G25O,3,115,S2HN-6ZDG-9Q5G-ZYY8,13,13,1,4423.011669,340.231667,1.354,111,108,0
G25O,3,116,82Y6-SQA9-8ZGQ-G9X2,14,14,1,4559.565164,325.683226,1.217,102,99,2
G25O,3,117,R4DR-U42N-9CHX-KK5S,13,13,1,4000.129395,307.702261,1.499,108,102,0
G25O,3,118,QSET-CSTJ-GM79-9M5X,11,11,1,4287.226531,389.747866,1.493,114,110,0
G25O,3,119,53FW-6X67-YKTC-H83Y,12,12,1,3947.214371,328.934531,1.519,112,108,0
G25O,3,120,GBDQ-YPA2-UNWX-Q2VD,15,15,1,4502.430685,300.162046,1.61,109,101,2
G25O,3,121,CZ4M-GJ7J-XU62-54MW,10,10,1,3992.947408,399.294741,1.518,122,118,0
G25O,3,122,65DW-6AF4-X5TK-VP2P,12,12,1,4192.917147,349.409762,1.054,116,112,0
G25O,3,123,V5H5-YZ8U-TTVR-RF95,11,11,1,4330.719388,393.701763,1.128,113,109,0
G25O,3,124,2YMT-KH55-FBVD-3YYJ,15,15,1,4403.455442,293.563696,1.181,108,103,1
G25O,3,125,Y57V-CWGF-BQPW-29WH,16,16,1,5139.920129,321.245008,1.396,118,109,0
G25O,3,126,2P2K-HCCF-D774-RTS2,11,11,1,3956.533045,359.684822,1.544,123,120,0
G25O,3,127,JRB2-VK64-TCWF-CVAC,11,11,1,4158.110393,378.010036,1.142,112,110,0
G25O,3,128,R2XH-XDGM-APK4-XMZT,16,16,1,4338.592355,271.162022,1.321,98,95,2
G25O,3,129,Z5F2-PQFR-9BUD-T43V,11,11,1,4151.89164,377.444695,1.136,116,112,0
G25O,3,130,NQAK-P8AZ-RN37-H875,13,13,1,4256.183578,327.398737,1.249,110,107,1
G25O,3,131,KSWR-Y44V-V5DW-V78P,12,12,1,3819.107618,318.258968,1.293,116,110,2
G25O,3,132,CWZJ-Q6JT-WRAA-U5YS,12,12,1,4225.87885,352.156571,1.098,108,103,1
G25O,3,133,AB6X-FQA3-VDNP-GDBV,16,16,1,3860.388536,241.274283,1.041,94,86,0
G25O,3,134,ZH7P-Y2TW-RH2G-9SBE,14,14,1,4425.884524,316.134609,1.141,99,97,4
G25O,3,135,5N48-ANW2-2BDT-A4XA,14,14,1,3873.118347,276.651311,1.229,99,96,1
G25O,3,136,7WZ2-4WYB-CMZ3-C9ZV,16,16,1,4362.554155,272.659635,1.336,99,90,1
G25O,3,137,9B4R-B4BK-HBEP-ZFXD,13,13,1,3918.726612,301.440509,1.479,112,107,0
G25O,3,138,4B8J-7K4R-XQKA-KBYT,15,15,1,4183.848514,278.923234,1.263,109,106,1
G25O,3,139,58SY-QKBB-HYY9-YJYN,15,15,1,4743.405811,316.227054,1.44,103,95,0
G25O,3,140,VHCC-9FSZ-ZEMV-SKBD,14,14,1,4317.005043,308.357503,1.455,122,116,0
G25O,3,141,CZZG-WD7R-2XZX-KCR4,14,14,1,4860.455279,347.175377,1.226,113,106,0
G25O,3,142,HKXF-V49N-XWZ8-3WEA,12,12,1,3977.641642,331.470137,1.295,112,108,0
G25O,3,143,BG95-YAJQ-NVB9-YQN7,13,13,1,4092.723485,314.824883,1.552,122,117,0
G25O,3,144,5GF8-ZQN4-9UJW-E3KQ,14,14,1,4159.173119,297.083794,1.503,107,100,0
G25O,3,145,B3MC-PK4J-3U5J-TV7C,14,14,1,4285.598428,306.114173,1.255,104,99,1
G25O,3,146,STH3-WWV8-MUWP-P7SA,13,13,1,3896.935957,299.764304,1.561,109,106,1
G25O,3,147,KRQA-324E-RWY3-H6Z6,15,15,1,3931.673897,262.111593,1.309,99,96,1
G25O,3,148,7KWE-AB98-AMH7-6MPG,11,11,1,4048.841209,368.076474,1.4,120,115,0
G25O,3,149,ZXY7-N6JV-PJPC-3E7M,14,14,1,4035.142971,288.224498,1.548,118,113,0
G25O,3,150,FGBZ-CURN-QYJD-CTCP,13,13,1,4751.371959,365.490151,1.204,110,101,2
G25O,3,151,6ETY-QYWS-272A-PUAA,14,14,1,4339.965521,309.997537,1.625,108,104,1
G25O,3,152,3GNF-2KPF-GB7J-WX6G,16,16,1,4336.739671,271.046229,1.551,113,106,0
G25O,3,153,55BY-H8JP-B8GY-35WV,10,10,1,3749.925812,374.992581,1.543,114,111,1
G25O,3,154,WMXB-6Y5P-C9YH-9RBH,14,14,1,4479.361797,319.954414,1.65,106,99,2
G25O,3,155,46PE-DPNR-A7YQ-535Y,10,10,1,3587.240675,358.724067,1.354,114,110,0
G25O,3,156,YQBZ-MQP8-W8T8-MVET,16,16,1,3987.190781,249.199424,1.415,96,88,0
G25O,3,157,PFSB-NRMV-T733-3THU,15,15,1,4117.97174,274.531449,1.177,99,95,2
G25O,3,158,9E34-SAUB-3CU2-T9KF,13,13,1,4276.293128,328.945625,1.564,110,107,0
G25O,3,159,3EJQ-VV4G-F7PS-TKV4,10,10,1,4227.915068,422.791507,1.253,123,115,2
G25O,3,160,4C7D-HNFG-RDSQ-6G5Y,14,14,1,3625.19905,258.942789,1.49,100,97,1
G25O,3,161,VJWT-YR3F-PREU-YWYC,13,13,1,4253.416806,327.185908,1.519,107,105,0
G25O,3,162,T52P-FCCF-JFPY-5MQX,12,12,1,4144.027674,345.33564,1.536,111,105,0
G25O,3,163,MXD3-XNYM-4GFW-C7V7,14,14,1,4293.68512,306.691794,1.221,108,101,0
G25O,3,164,3MWQ-VN5E-PP47-CYSH,11,11,1,3779.598235,343.59984,1.446,113,110,1
G25O,3,165,H7J7-FC55-8WJ6-PSN6,14,14,1,3924.563022,280.32593,1.289,103,101,0
G25O,3,166,5V78-6JJP-DVDK-3VK2,14,14,1,4121.954099,294.425293,1.348,108,103,1
G25O,3,167,EX74-N3T2-DXAU-XK97,13,13,1,4340.52499,333.886538,1.218,112,107,0
G25O,3,168,YBFS-C5UU-WH49-UJUY,15,15,1,4152.249359,276.816624,1.255,99,96,1
G25O,3,169,ZVQK-MJ25-HQHP-GP4R,10,10,1,3681.235237,368.123524,1.325,119,112,0
G25O,3,170,339P-VJSJ-KR2S-6PYP,16,16,1,4528.540816,283.033801,1.354,94,83,1
G25O,3,171,VYK4-JQPU-63AF-PQ4F,16,16,1,4170.350959,260.646935,1.359,90,84,1
G25O,3,172,5PYY-5DCT-4ZT5-62RA,14,14,1,4128.788514,294.913465,1.2,102,100,2
G25O,3,173,76XF-CCXY-66RF-EC3H,11,11,1,4243.512833,385.773894,1.356,114,110,0
G25O,3,174,ZWAY-XFRM-E397-7T6Z,12,12,1,3756.720103,313.060009,1.125,108,105,1
G25O,3,175,5MDF-VK43-XYC5-4FPT,16,16,1,4335.598059,270.974879,1.401,111,103,0
G25O,3,176,H4BH-RRXW-JCWS-FFC3,14,14,1,4297.79435,306.985311,1.366,106,102,1
G25O,3,177,FQ98-DJTF-VMJT-N246,15,15,1,4320.868575,288.057905,1.172,104,101,2
G25O,3,178,R9BK-KXYZ-JMC2-2UFA,13,13,1,4272.955012,328.688847,1.45,103,99,2
G25O,3,179,VR3M-MPPM-UE3V-KZAR,13,13,1,4205.794008,323.522616,1.247,111,108,3
G25O,3,180,ZSM3-729M-ZMZF-M72D,13,13,1,4847.18463,372.860356,1.52,118,112,0
G25O,3,181,H589-CRE3-RWAF-MZHC,15,15,1,4387.864158,292.524277,1.517,101,96,0
G25O,3,182,SAP8-BZB4-94EZ-9KXH,13,13,1,4606.392141,354.337857,1.425,106,104,0
G25O,3,183,PWYG-KF6D-Z8RE-NJRY,12,12,1,4313.425707,359.452142,1.384,110,105,0
G25O,3,184,WKVF-X4EX-6533-KNBY,13,13,1,3870.514602,297.731892,1.459,103,102,0
G25O,3,185,ASK5-QE5K-73YA-KHSS,15,15,1,3938.571892,262.571459,1.652,108,103,0
G25O,3,186,YU2M-MZQP-THJQ-H23W,14,14,1,4363.218357,311.658454,1.196,104,101,0
G25O,3,187,RX5Z-EZZH-9NKK-7RZE,14,14,1,4441.011273,317.215091,1.154,107,103,0
G25O,3,188,T3QE-AM6E-5QCQ-HQM2,16,16,1,4491.399531,280.712471,1.419,118,109,0
G25O,4,189,UXHW-B9FS-WGFD-FMU6,13,13,1,7253.225831,557.940449,2.532,266,257,0
G25O,4,190,YJ65-4TW4-63WT-FJZW,13,13,1,7085.351924,545.027071,2.884,287,276,0
G25O,4,191,J7H5-463K-5WNX-8NMD,15,15,1,7037.91527,469.194351,2.676,266,258,0
G25O,4,192,BGET-FSBZ-SB5S-3GU7,12,12,1,7452.61683,621.051402,3.014,284,271,0
G25O,4,193,YZTV-4QCA-9UC5-E68U,10,10,1,7381.836048,738.183605,4.009,355,347,0
G25O,4,194,U2JV-BD7Z-Z585-FWNZ,15,15,1,7477.478507,498.498567,3.565,307,300,1
G25O,4,195,THYJ-ZWZV-7RQY-265P,16,16,1,6527.641794,407.977612,2.767,234,218,1
G25O,4,196,V8UN-T8K7-PE5T-AZ9M,14,14,1,7726.021002,551.858643,3.005,273,262,0
G25O,4,197,K876-P3E6-Y8Q2-UU6N,15,15,1,7177.875228,478.525015,2.898,231,222,0
G25O,4,198,P8HW-DGYA-CQ3K-JZVJ,15,15,1,7945.447937,529.696529,2.778,253,246,0
G25O,4,199,MH5C-RFHU-M5Y3-3TUA,15,15,1,7591.816076,506.121072,3.318,300,280,0
G25O,4,200,MH28-QZR6-HZKH-XWG5,15,15,1,7400.702188,493.380146,3.193,284,277,0
G25O,4,201,Y6Z9-5EYM-VNNF-447N,14,14,1,7235.737032,516.838359,2.626,282,270,0
G25O,4,202,BY7H-YD76-ARB6-HH97,13,13,1,6890.680975,530.052383,2.341,234,222,0
G25O,4,203,RCDH-EPAU-QSW9-RVNE,11,11,1,7312.615912,664.783265,3.692,338,330,0
G25O,4,204,AFG5-U3NW-A8G4-AMYV,11,11,1,7326.935015,666.085001,2.984,314,306,0
G25O,4,205,QU4B-BR74-AUNK-6CZF,10,10,1,7256.091412,725.609141,2.895,313,302,0
G25O,4,206,CQVQ-GDQD-2WHV-MECT,16,16,1,4458.468007,278.65425,1.667,150,129,0
G25O,4,207,YAGF-SEMV-XBYU-A56Y,15,15,1,7778.963078,518.597539,3.83,292,280,0
G25O,4,208,2B4S-SGE3-E5PV-4MTC,12,12,1,6877.084665,573.090389,2.811,278,264,0
G25O,4,209,C6UT-J663-R4WY-JRCY,10,10,1,7279.750525,727.975053,3.068,319,308,0
G25O,4,210,JNP3-WMFH-J4SU-P3QM,12,12,1,6937.27305,578.106087,2.908,257,245,0
G25O,4,211,NSF6-HVMJ-QW3S-3Y44,12,12,1,7754.955624,646.246302,3.14,316,301,0
G25O,4,212,R8MN-U3BR-H3G7-ZKQ9,11,11,1,6851.945469,622.904134,2.802,292,285,0
G25O,4,213,UPZB-5SFD-JE4N-7GRJ,12,12,1,6846.809203,570.567434,2.713,287,275,0
G25O,4,214,9YK9-9SQQ-8UDF-STFX,10,10,1,7534.128633,753.412863,3.745,342,328,0
G25O,4,215,GKX6-BWRU-88TN-NQ5C,11,11,1,6778.769113,616.251738,2.988,301,292,0
G25O,4,216,XSKU-P438-X5ZZ-TR8X,13,13,1,7799.935987,599.995076,3.91,325,316,0
G25O,4,217,CPVG-SBVW-588M-YFBJ,12,12,1,7081.862554,590.155213,2.627,267,257,0
G25O,4,218,4UY2-77B7-ATH2-ZJCN,10,10,1,7207.750042,720.775004,3.11,304,287,0
G25O,4,219,C7FQ-VD77-QHUG-3WMX,12,12,1,7269.327455,605.777288,2.212,280,269,0
G25O,4,220,PD97-7TA8-9QWJ-2FCT,16,16,1,6215.345712,388.459107,2.677,219,206,0
G25O,4,221,QMY7-T6JG-QXED-7FUW,14,14,1,7291.319422,520.80853,2.887,287,278,0
G25O,4,222,ZMZ2-J2DM-2AEQ-E9Q4,14,14,1,7178.135891,512.723992,3.004,235,224,0
G25O,4,223,SK68-5J72-N78T-2UFV,11,11,1,7101.656161,645.605106,3.671,284,270,0
G25O,4,224,NEZN-U2JK-4CAX-BY83,14,14,1,9222.053093,658.718078,3.34,369,332,0
G25O,4,225,APR7-KE77-27DS-G6YY,13,13,1,7055.892937,542.760995,2.801,261,254,0
G25O,4,226,7PRX-GV98-VMYQ-P92Y,14,14,1,7545.869305,538.990665,3.282,300,286,0
G25O,4,227,83QB-8UPY-8E7A-ZSD3,14,14,1,7908.520498,564.894321,3.101,317,307,0
G25O,4,228,Z7UZ-JVWB-JWKP-NQXS,16,16,1,6122.101743,382.631359,2.703,217,209,0
G25O,4,229,9Z4D-GXX7-K26G-36Y5,12,12,1,7625.64962,635.470802,2.723,311,298,0
G25O,4,230,F3QE-FHTA-6T9S-CPNA,14,14,1,7677.688905,548.40635,3.623,332,315,0
G25O,4,231,ND46-XM3W-BRMV-VZGN,15,15,1,7910.322244,527.354816,2.38,278,253,0
G25O,4,232,AU36-GTRD-PTPR-C3GT,10,10,1,7239.133885,723.913388,3.536,331,319,0
G25O,4,233,RQHG-NGXC-8XW5-53DK,10,10,1,7154.862216,715.486222,3.773,331,322,0
G25O,4,234,9JBA-6H9Q-SWWE-JH5A,10,10,1,7992.919691,799.291969,3.161,375,352,0
G25O,4,235,MBR7-R9DM-U58E-GK9X,10,10,1,7387.270768,738.727077,2.991,319,307,0
G25O,4,236,S7ZM-RXXF-8AYC-8HPE,13,13,1,7340.217864,564.632143,3.334,274,266,0
G25O,4,237,9Q7F-HG65-AA3C-5Y6Z,14,14,1,7451.013729,532.215266,3.118,238,229,0
G25O,4,238,YP4R-X94W-VXE9-DF9Z,14,14,1,7224.060606,516.004329,2.585,234,225,0
G25O,4,239,U7KP-UFDY-RVY7-4JJQ,10,10,1,7687.752689,768.775269,3.805,337,331,0
G25O,4,240,2CJU-28B7-4AS5-6Q52,12,12,1,7830.952324,652.57936,3.033,313,290,0
G25O,4,241,HWCK-DZXD-J3K7-3PFU,13,13,1,7617.682443,585.975573,3.652,304,294,0
G25O,4,242,4BNB-PJ3P-WW32-FHSN,10,10,1,7001.538302,700.15383,2.902,325,309,1
G25O,4,243,Z6QB-ZQZB-H3T5-UWQN,10,10,1,7246.712879,724.671288,3.919,311,301,0
G25O,4,244,QAMV-RNQ4-TYK5-NX8U,10,10,1,7348.255122,734.825512,3.64,311,300,0
G25O,4,245,E5UK-KKF7-TYZW-5U9U,16,16,1,5037.447755,314.840485,1.889,175,164,0
G25O,4,246,8A3D-Y733-ASQV-8Z37,11,11,1,7621.570979,692.870089,2.401,339,321,0
G25O,4,247,JXRR-EKMR-F4ZG-M63M,10,10,1,7549.64362,754.964362,3.518,344,332,0
G25O,4,248,GDCR-MGJR-KKFC-YZ5Y,16,16,1,7137.97367,446.123354,2.905,239,231,0
G25O,4,249,D66X-CFYK-DPQK-67WD,15,15,1,7183.084,478.872267,2.543,225,215,0
G25O,4,250,VUDK-A8ZQ-EYP6-3MZX,10,10,1,7696.045077,769.604508,4.14,361,351,0
G25O,4,251,7YK7-KPYF-B8KS-N2QG,11,11,1,7913.949126,719.449921,3.572,328,322,0
G25O,4,252,VG4V-D2RR-V3VS-VYQW,14,14,1,7398.89678,528.492627,2.859,288,277,0
G25O,4,253,T7CK-EZ62-C9H2-VF7M,16,16,1,4616.00597,288.500373,2.436,162,150,0
G25O,4,254,BMP8-ZY9B-Y2Q7-ZZR5,13,13,1,7634.279273,587.252252,3.042,299,283,0
G25O,4,255,4DRV-FVC7-JVV3-K76X,10,10,1,6967.120599,696.71206,3.492,327,318,0
G25O,4,256,CG6Z-D8R7-KAGB-FG2F,10,10,1,7276.922712,727.692271,3.237,314,304,0
G25O,4,257,DHCR-8EEQ-SJ2A-YCA3,13,13,1,7268.334609,559.102662,2.765,248,236,0
G25O,4,258,JYKD-C4AA-GYXR-Y7KV,13,13,1,6977.197979,536.707537,2.958,291,284,0
G25O,4,259,T7CX-39Y9-SHEE-BVV4,15,15,1,7352.752331,490.183489,2.93,279,270,0
G25O,4,260,VAWN-3EZE-DK3M-EFVA,11,11,1,7300.87057,663.715506,3.13,303,291,0
G25O,4,261,H3WC-966C-EGGP-AMFC,15,15,1,6881.165829,458.744389,2.487,250,240,0
G25O,4,262,4M79-BD39-HBQE-UGKN,13,13,1,7223.861012,555.681616,2.698,314,310,0
G25O,4,263,75M9-URWZ-M9V9-7TCC,16,16,1,4791.942448,299.496403,2.388,188,170,0
G25O,4,264,VMXK-77QD-MD8Q-M94Z,11,11,1,7656.902836,696.082076,2.892,304,294,0
G25O,4,265,PBZE-G5N7-MJ5F-M7SJ,11,11,1,7475.265026,679.569548,3.169,292,282,0
G25O,4,266,77G6-N549-ANGD-NT77,13,13,1,7724.315186,594.178091,3.473,279,270,0
G25O,4,267,MT5B-VJPZ-PDDS-7QAS,16,16,1,7312.592719,457.037045,2.461,261,245,0
G25O,4,268,CCCE-3AR3-SABA-VVSS,10,10,1,7661.431917,766.143192,3.486,359,350,0
G25O,4,269,CJNW-C82Z-VG2Y-B8S5,15,15,1,7056.378628,470.425242,2.559,225,213,0
G25O,4,270,ACKS-YNCC-MEVV-U98P,10,10,1,7642.550043,764.255004,3.586,319,311,0
G25O,4,271,PA7M-RCR2-W24F-WAAU,13,13,1,7519.163635,578.397203,3.032,261,249,0
G25O,4,272,XB78-3EVC-R2HN-MV9F,15,15,1,7503.910045,500.26067,3.214,251,244,0
G25O,4,273,JMC5-C8U9-8X4G-WVXT,11,11,1,7426.972479,675.179316,3.761,329,316,0
G25O,4,274,XCTX-PX8C-DZX9-R9U4,16,16,1,4468.984264,279.311516,2.207,176,160,0
G25O,4,275,NBMN-7NJP-ZTRE-SX8S,11,11,1,7454.337134,677.667012,3.338,313,306,0
G25O,4,276,GZT5-GC6S-BFPM-DS3H,15,15,1,7528.612854,501.907524,3.0,241,232,0
G25O,4,277,F8U4-V577-354Z-ASQ7,12,12,1,8259.687013,688.307251,3.867,352,337,0
G25O,4,278,V8CZ-SXTU-WVKW-VJBA,11,11,1,7452.676005,677.516,3.179,343,332,0
G25O,4,279,9BXV-J77Y-UTZR-GNUS,12,12,1,6651.77625,554.314687,2.652,266,255,0
G25O,4,280,PAXQ-T9KK-KUEA-QU9W,16,16,1,4399.521007,274.970063,2.044,155,146,0
G25O,4,281,DTB4-FKGJ-VSW9-HESU,16,16,1,3821.294166,238.830885,1.462,115,106,1
G25O,4,282,RV6G-C74E-T9PS-YQYN,14,14,1,7161.949365,511.567812,2.817,238,232,0
G25O,4,283,WBYY-KPNZ-MUW6-DYNZ,12,12,1,7591.895692,632.657974,3.271,343,334,0
G25O,4,284,9TYF-NSN3-JA5B-F37F,15,15,1,7125.633101,475.042207,3.105,248,242,0
G25O,4,285,RSAQ-SM3J-SXPD-EKFB,14,14,1,7020.104962,501.436069,2.573,230,220,0
G25O,4,286,TFAN-AVYA-ZMXH-RU9Y,12,12,1,7616.407963,634.700664,3.213,302,291,0
G25O,4,287,HPES-J528-3E99-337A,16,16,1,4215.757997,263.484875,1.799,153,147,0
G25O,4,288,EBUA-JE98-X5SX-ZM2A,10,10,1,7637.39856,763.739856,3.502,363,351,0
G25OR,3,289,XWFM-VYRZ-3FWT-MNA5,13,13,1,4370.130519,336.163886,1.717,115,113,0
G25OR,3,290,XNUY-JXYN-V2SK-AEZC,10,10,1,4185.914996,418.5915,1.363,118,110,1
G25OR,3,291,38JF-CZDR-UFT9-CGP5,11,11,1,4247.544315,386.140392,1.678,113,106,1
G25OR,3,292,SWT2-YENX-JWSJ-ZY8N,16,16,1,4045.721456,252.857591,1.504,96,88,0
G25OR,3,293,TTZN-336A-7N6C-3PQH,12,12,1,4158.796145,346.566345,1.362,118,113,0
G25OR,3,294,KBJG-EMAS-BGP8-GFCT,12,12,1,4308.676545,359.056379,1.546,109,105,0
G25OR,3,295,CDJD-3P5K-UTPM-C9JA,13,13,1,4306.928726,331.30221,1.638,118,114,0
G25OR,3,296,E6PP-3JVE-ZTYU-CM7K,13,13,1,3885.324377,298.871106,1.534,97,96,1
G25OR,3,297,E84R-J82Z-KFYE-V287,14,14,1,4387.983243,313.427374,1.49,108,100,1
G25OR,3,298,D9GK-KME4-DRQD-52GV,12,12,1,3827.194847,318.932904,1.477,101,99,0
G25OR,3,299,RR83-QDDG-8972-6JXQ,13,13,1,4129.313686,317.639514,1.59,115,108,1
G25OR,3,300,8SDG-E3DW-P3YY-XKNE,16,16,1,3985.233587,249.077099,1.271,99,91,0
G25OR,3,301,YWGF-2V4C-EV44-2ZSU,10,10,1,3979.279128,397.927913,1.593,111,108,0
G25OR,3,302,YXS4-CP23-MNWF-SRBW,16,16,1,4563.11353,285.194596,1.764,104,90,1
G25OR,3,303,N64N-QHA8-2PXP-AYEK,14,14,1,4486.995158,320.499654,1.592,108,103,0
G25OR,3,304,KW4M-UWQB-7EDS-Z4JH,13,13,1,4054.48301,311.883308,1.776,109,107,2
G25OR,3,305,3EM4-GHXY-HKDE-R2FQ,10,10,1,4343.641016,434.364102,1.886,133,123,0
G25OR,3,306,JMS6-T6MY-ZX39-ZAKV,16,16,1,4793.064999,299.566562,1.643,105,96,0
G25OR,3,307,56PW-G9RT-R8RQ-E8SQ,12,12,1,3960.38064,330.03172,1.754,111,107,0
G25OR,3,308,AQJF-3YAF-J4RN-RR6C,15,15,1,4272.258729,284.817249,1.909,104,98,0
G25OR,3,309,4WM8-DP33-6Z6P-UQNN,13,13,1,4187.324127,322.101856,1.521,118,111,0
G25OR,3,310,V2VQ-UCK4-PUGS-8DFX,10,10,1,3908.780846,390.878085,1.435,107,105,0
G25OR,3,311,7ABU-P25C-D2GZ-27G4,12,12,1,4072.850141,339.404178,1.392,120,112,0
G25OR,3,312,6GJU-CDHA-ETDU-6QFA,11,11,1,3653.942878,332.176625,1.217,108,106,0
G25OR,3,313,KTRD-C8XT-Q4CM-8EPU,11,11,1,3867.104273,351.554934,1.519,113,107,1
G25OR,3,314,WKHC-KF24-23QP-HFHF,15,15,1,3888.308969,259.220598,1.19,103,100,0
G25OR,3,315,SQ9D-352F-QZNM-YFVE,14,14,1,4629.012837,330.643774,1.7,104,97,1
G25OR,3,316,Z56R-9VTB-YM68-CTHK,12,12,1,4696.65322,391.387768,1.647,125,116,1
G25OR,3,317,CE4T-XNUU-CV9B-4UEW,14,14,1,4076.820731,291.201481,1.642,99,96,1
G25OR,3,318,VHJD-ZFWK-379N-2F67,13,13,1,4469.485254,343.806558,1.217,108,105,1
G25OR,3,319,KY3P-Y5BT-N4BG-6TEQ,11,11,1,4007.524582,364.320417,1.36,128,122,0
G25OR,3,320,UUR8-W2RA-FD7S-VXZT,10,10,1,4019.333359,401.933336,1.697,126,121,1
G25OR,3,321,MZQ4-NDAS-G6YK-442R,14,14,1,4186.014152,299.001011,0.983,117,114,1
G25OR,3,322,G56Y-NK35-AW87-GSSN,11,11,1,3898.090087,354.371826,1.465,117,112,1
G25OR,3,323,PDRW-NSC8-CXS2-5U2Y,12,12,1,3866.166513,322.180543,1.131,108,102,0
G25OR,3,324,BW96-SVE8-4PSB-X3MU,12,12,1,3751.502579,312.625215,1.373,111,107,2
G25OR,3,325,3RMT-TUH9-8294-QCKS,10,10,1,3962.164032,396.216403,0.916,118,113,0
G25OR,3,326,2FU8-ZAJA-GVRV-8ZNQ,10,10,1,4282.34459,428.234459,1.002,127,123,0
G25OR,3,327,4ZAJ-6D6J-UDMK-CVWF,16,16,1,4463.483954,278.967747,1.416,98,91,0
G25OR,3,328,JKG5-SKXN-K48M-2DSD,15,15,1,4443.281755,296.218784,1.141,117,110,0
G25OR,3,329,8SER-GWQ3-RV7C-TCFG,13,13,1,4039.827009,310.755924,1.31,106,102,0
G25OR,3,330,CTXM-B9Y6-PPGT-XNPU,10,10,1,4038.362075,403.836208,1.551,132,126,0
G25OR,3,331,EPJX-EWZ3-TF6Y-MD3V,12,12,1,3953.868844,329.48907,1.001,107,103,1
G25OR,3,332,S738-NKMW-WKWW-5ZX3,11,11,1,3588.348895,326.213536,1.261,107,104,0
G25OR,3,333,CN6P-V8FK-DQC2-H5R2,15,15,1,4173.396533,278.226436,1.204,108,103,2
G25OR,3,334,9GNN-QMAF-P66Y-QQR6,13,13,1,4249.307714,326.869824,1.281,106,103,0
G25OR,3,335,8FY2-W4N5-UU6Z-995K,10,10,1,3958.25893,395.825893,1.031,124,117,0
G25OR,3,336,XJ7E-3D72-6HNZ-PBVT,16,16,1,3704.162153,231.510135,1.408,95,92,0
G25OR,3,337,W65J-EDCX-FM3M-9YZH,15,15,1,4133.050572,275.536705,1.312,116,110,1
G25OR,3,338,5CPC-34WV-PVQU-YNAA,16,16,1,3328.842836,208.052677,1.27,65,44,0
G25OR,3,339,7JYN-5BK6-7WMK-SVKB,11,11,1,4006.130867,364.193715,1.576,123,115,0
G25OR,3,340,ZV82-APY3-QDK4-F6Q4,14,14,1,4432.134521,316.581037,1.402,106,102,1
G25OR,3,341,8Z93-YJSY-EFZN-WETF,12,12,1,4228.832291,352.402691,1.144,110,109,2
G25OR,3,342,2JB3-VXGV-HVZY-6UHD,16,16,1,4225.003981,264.062749,1.439,99,87,1
G25OR,3,343,ZU9E-X452-3J7Z-MQ5R,15,15,1,4333.906355,288.92709,1.4,104,99,0
G25OR,3,344,PPWX-2KHF-P726-C23V,14,14,1,4193.44371,299.531694,1.644,121,115,2
G25OR,3,345,N9CY-23UJ-VP92-Q4RM,13,13,1,4550.576705,350.044362,1.059,118,111,0
G25OR,3,346,KWFJ-HXH8-KX45-AT6D,16,16,1,4265.000159,266.56251,1.376,98,90,0
G25OR,3,347,USYV-SPA3-EXM5-U5TN,13,13,1,4289.597152,329.969012,1.209,113,107,0
G25OR,3,348,XE4T-RD42-8C9B-KJXY,10,10,1,4192.169868,419.216987,1.538,119,113,0
G25OR,3,349,QFSV-MKRU-4R2G-NB5B,16,16,1,4773.064176,298.316511,1.196,102,93,1
G25OR,3,350,XVRB-6E5F-283Y-KHPZ,15,15,1,4354.105604,290.273707,1.441,105,100,1
G25OR,3,351,46CP-4GDS-BXF6-ZYVE,14,14,1,4646.470297,331.890736,1.364,108,103,2
G25OR,3,352,CGE9-E79J-5U58-DWZK,10,10,1,4099.610541,409.961054,1.134,121,113,0
G25OR,3,353,AG8Y-C9MW-RXUG-B3G8,16,16,1,4232.160294,264.510018,1.393,102,93,0
G25OR,3,354,CNHJ-B7E2-GMAH-N6GA,16,16,1,4400.089605,275.0056,1.091,104,99,0
G25OR,3,355,WM8P-RHDH-NJVC-DXMS,13,13,1,4080.518723,313.886056,1.304,115,111,0
G25OR,3,356,X3FX-8DY3-YZQ4-GDN5,11,11,1,4504.83476,409.530433,1.299,112,108,0
G25OR,3,357,PC68-Q8XQ-BQND-6VQR,13,13,1,3944.723066,303.440236,0.977,106,102,1
G25OR,3,358,UB2H-SBZQ-TFED-C7HD,11,11,1,3507.65866,318.87806,1.262,109,107,0
G25OR,3,359,UY7R-G8AW-T9RT-WBH7,11,11,1,3830.963371,348.269397,1.027,112,107,1
G25OR,3,360,TEN7-54CT-RVQ8-B9XE,15,15,1,3922.104067,261.473604,1.281,93,86,0
G25OR,3,361,EGWB-QR6D-VSZS-8UJJ,12,12,1,4266.055728,355.504644,1.318,116,111,1
G25OR,3,362,V4MX-Z7WS-XXGH-7ZCM,14,14,1,4583.311739,327.37941,1.021,105,99,0
G25OR,3,363,G3C5-Q7SS-T56J-R372,15,15,1,4172.332668,278.155511,1.617,93,92,0
G25OR,3,364,KUE7-AX4A-ZP3B-KPKM,11,11,1,4176.462348,379.678395,1.512,113,110,0
G25OR,3,365,6QBT-8P8Y-JWZD-DJ86,16,16,1,4316.772531,269.798283,1.816,99,95,0
G25OR,3,366,QAQX-PXXY-82RP-53VW,12,12,1,3971.888266,330.990689,1.96,116,110,0
G25OR,3,367,AYGD-ZP7Q-9F7C-FE8U,16,16,1,3829.0215,239.313844,1.632,113,108,0
G25OR,3,368,WUSW-TXTG-UXCX-23US,10,10,1,4049.872306,404.987231,1.763,113,111,2
G25OR,3,369,9H7S-8JR7-KZ22-TAE4,11,11,1,3988.149607,362.559055,1.804,110,105,0
G25OR,3,370,Y4FV-CXG7-XAC8-4ZJW,16,16,1,4253.75177,265.859486,1.758,104,98,0
G25OR,3,371,MPP6-EAJ3-49MY-Y4ZR,10,10,1,4372.105156,437.210516,1.754,122,117,0
G25OR,3,372,FMZT-383U-97Z7-8NQ4,10,10,1,3945.083567,394.508357,1.725,120,117,0
G25OR,3,373,3EQU-HXYN-5Y4A-J8YV,14,14,1,3546.926952,253.351925,1.676,95,93,0
G25OR,3,374,XRCW-CWTY-4DQS-5J4G,11,11,1,4074.661501,370.423773,1.569,114,110,0
G25OR,3,375,9Y47-39KN-SH6R-MFFD,15,15,1,4155.857594,277.057173,1.492,108,104,0
G25OR,3,376,QKCK-6H59-WMBZ-GSVA,14,14,1,4466.365893,319.026135,1.147,111,106,0
G25OR,3,377,3DT5-GST9-RV2C-8GGP,13,13,1,4201.101378,323.161644,1.811,118,115,1
G25OR,3,378,NSFB-9Q5R-NBGM-4SB2,11,11,1,3458.784559,314.43496,1.534,106,105,1
G25OR,3,379,C73Q-UUNV-G7DH-UPTV,16,16,1,4740.141349,296.258834,1.731,118,112,1
G25OR,3,380,A24K-9E7T-YUDU-W89X,11,11,1,4003.16136,363.92376,1.42,114,111,0
G25OR,3,381,XYQ8-CXKW-PUVG-NGG2,14,14,1,4706.94243,336.210174,1.519,112,105,3
G25OR,3,382,J6EK-659Y-QP4H-QDC5,13,13,1,4894.767931,376.52061,1.865,124,114,1
G25OR,3,383,W9WA-JUJG-RSEZ-JMSA,11,11,1,4423.727491,402.157045,1.61,108,103,0
G25OR,3,384,C3P7-AMQV-MMF8-JAX3,14,14,1,4384.183477,313.155963,1.49,108,103,1
G25OR,3,385,5JBD-4E2Q-ESSE-WZEW,10,10,1,4006.908348,400.690835,1.643,117,113,0
G25OR,3,386,RGFG-E3AR-NCF7-7XM3,13,13,1,4062.305056,312.485004,1.75,110,107,0
G25OR,3,387,782Y-MAEV-U6WM-B9DJ,15,15,1,4461.892882,297.459525,2.357,116,106,0
G25OR,3,388,5F3V-UXR8-S23Y-TK4C,13,13,1,4104.90879,315.762215,1.708,106,101,0
G25OR,4,389,6Z4V-3QQP-8AAP-ET2J,15,15,1,7826.372785,521.758186,4.015,291,280,0
G25OR,4,390,8A7U-2SSQ-W6RY-MJ5W,14,14,1,7697.633719,549.83098,3.886,336,314,0
G25OR,4,391,UUDP-XZNQ-P77G-QU6S,15,15,1,7272.967647,484.86451,3.442,258,251,0
G25OR,4,392,ASWA-V9WS-4BJ5-BZ2N,14,14,1,7600.420016,542.887144,3.09,272,266,0
G25OR,4,393,M7HQ-ZY36-YVXZ-BBET,16,16,1,5592.732251,349.545766,2.999,197,180,0
G25OR,4,394,AZQM-2CTG-RXNW-HRWF,11,11,1,8224.006343,747.63694,4.197,349,322,0
G25OR,4,395,277S-8GA9-984W-8JS4,13,13,1,7302.935186,561.764245,3.254,256,243,0
G25OR,4,396,5RW6-7H3E-6BCT-WGRW,16,16,1,6327.014109,395.438382,2.809,229,216,0
G25OR,4,397,ZG97-8EM7-9F7Y-4CBT,14,14,1,6983.036659,498.788333,3.296,263,257,0
G25OR,4,398,NYR3-Z7H6-U3Q3-JYY9,12,12,1,7169.211717,597.43431,3.602,312,303,0
G25OR,4,399,E4V2-V9X4-T89B-TSXB,12,12,1,7466.4297,622.202475,4.168,312,295,0
G25OR,4,400,KS9Y-BHU6-AUAB-BHYT,12,12,1,7295.546894,607.962241,3.725,309,296,0
G25OR,4,401,AWAE-VTVN-TMJ8-PQT8,13,13,1,6776.719122,521.286086,3.264,250,240,0
G25OR,4,402,AVXW-YZ3J-5RR7-RWDF,10,10,1,6890.770593,689.077059,4.518,310,298,0
G25OR,4,403,CCKK-2ZQ2-TETY-SR8F,12,12,1,7627.984601,635.665383,4.585,323,315,0
G25OR,4,404,RCV6-CET5-K2HV-7FCP,12,12,1,6906.106974,575.508915,3.477,267,257,0
G25OR,4,405,WXTU-PTUN-U6J2-9WW4,13,13,1,7692.036601,591.695123,3.727,266,256,0
G25OR,4,406,F9AD-RX3S-UXJW-J3SX,16,16,1,5291.369646,330.710603,2.69,185,178,0
G25OR,4,407,PRMV-YVNR-QE2P-QSUV,15,15,1,6697.87458,446.524972,3.667,227,218,0
G25OR,4,408,PX7W-XZAQ-EEC4-R6SU,10,10,1,7116.608506,711.660851,3.413,344,332,0
G25OR,4,409,F7XP-VF9H-ZTK5-Z72Q,15,15,1,7047.625915,469.841728,2.724,238,232,0
G25OR,4,410,Y9KZ-D8Y5-GPTD-9BJ8,10,10,1,6933.269041,693.326904,4.207,340,329,0
G25OR,4,411,7WA5-WE3D-HPM5-D8BV,15,15,1,6879.460667,458.630711,3.532,232,225,0
G25OR,4,412,ZAHK-V8NU-TVUW-6ZHE,12,12,1,7135.088093,594.590674,3.727,299,292,0
G25OR,4,413,RTJK-BYAR-38PJ-FRSM,12,12,1,7037.969276,586.49744,3.685,272,264,0
G25OR,4,414,RDRQ-FRVA-SB3X-X2Y5,14,14,1,7520.313742,537.165267,3.895,286,281,0
G25OR,4,415,4BPG-KV7E-UGCC-78NM,11,11,1,7013.53639,637.594217,4.126,314,301,0
G25OR,4,416,KV2Z-3FM3-7VQB-TUTV,11,11,1,7150.402214,650.036565,3.944,334,326,0
G25OR,4,417,3QR7-JRKH-HPSN-8UK4,16,16,1,5165.377312,322.836082,2.696,194,179,0
G25OR,4,418,DB8T-NM55-ARGE-73QD,12,12,1,7051.293906,587.607825,3.726,302,291,0
G25OR,4,419,DHRY-NMB4-KG8D-49GX,14,14,1,6982.215947,498.72971,3.549,265,256,0
G25OR,4,420,SZQS-QBVC-P3W8-NTCY,14,14,1,6817.0573,486.932664,3.725,268,261,0
G25OR,4,421,9SQ3-UF65-P9JT-7MVY,13,13,1,7967.364507,612.874193,4.355,333,320,0
G25OR,4,422,HAWU-UVED-48HR-DEK4,14,14,1,6738.222917,481.301637,3.584,251,239,0
G25OR,4,423,8752-7HRW-6YWP-UVJA,16,16,1,6704.263934,419.016496,4.007,277,260,0
G25OR,4,424,XV33-CZJ5-ZV43-WGX2,13,13,1,6653.105804,511.77737,3.784,281,268,0
G25OR,4,425,X9G8-NSV5-UJAJ-B42T,16,16,1,4790.153015,299.384563,2.622,180,170,0
G25OR,4,426,NA9Q-CPKS-HE2W-SKRF,11,11,1,7387.064545,671.551322,4.158,332,321,0
G25OR,4,427,4UJH-U3AY-2PZW-93CG,16,16,1,7180.261873,448.766367,3.599,214,204,0
G25OR,4,428,R6W5-4NUD-CQQ4-67ZU,11,11,1,6986.454095,635.13219,4.052,307,297,0
G25OR,4,429,4FQG-W5XJ-87BU-RJ98,13,13,1,6883.361204,529.489323,3.648,260,251,0
G25OR,4,430,FQGS-YNFK-Q4R8-E2UT,12,12,1,6894.789419,574.565785,3.765,280,270,0
G25OR,4,431,ZEH2-BFRQ-4GD8-Y5AA,12,12,1,7032.160475,586.013373,3.722,289,277,1
G25OR,4,432,PZUK-Z33H-JHJ9-RW73,11,11,1,7025.968665,638.724424,3.9,278,265,0
G25OR,4,433,EJVS-2BPH-CS3N-32UM,10,10,1,7454.389418,745.438942,3.876,340,330,0
G25OR,4,434,PS94-HD2D-MXAB-99NC,12,12,1,7241.428002,603.452334,4.219,279,272,0
G25OR,4,435,3ZHD-NUAQ-H3ZE-322D,10,10,1,7763.70106,776.370106,4.975,360,348,0
G25OR,4,436,KRRS-ERRC-ZJF9-JUHA,12,12,1,6860.849054,571.737421,4.596,323,315,0
G25OR,4,437,JQU9-DXCR-Q2T9-6537,15,15,1,7222.144633,481.476309,3.992,268,261,0
G25OR,4,438,MD5C-G372-QNQF-6EBN,11,11,1,7324.166837,665.833349,4.01,337,322,0
G25OR,4,439,BZ9V-VEE4-DBV3-BZ23,11,11,1,6827.678681,620.698062,4.177,324,311,0
G25OR,4,440,DV7P-72KW-RH5V-GPVK,11,11,1,6669.240008,606.294546,3.337,320,311,0
G25OR,4,441,PX3H-7VPW-58AG-77MY,12,12,1,7738.561575,644.880131,4.389,358,345,0
G25OR,4,442,8DE9-VFQG-H4QK-VQKQ,10,10,1,7027.381979,702.738198,3.34,311,300,0
G25OR,4,443,FDTS-CW9A-7NWJ-JJMX,15,15,1,7662.710682,510.847379,3.009,266,261,0
G25OR,4,444,H4P3-83BF-85ED-35NF,15,15,1,6927.635882,461.842392,3.428,242,235,0
G25OR,4,445,37AA-PY8R-2RCA-6KTS,11,11,1,7157.911381,650.719216,3.943,304,291,0
G25OR,4,446,X2Y6-6HD8-RN9B-344M,13,13,1,7210.875261,554.682712,2.97,302,292,0
G25OR,4,447,6FNC-QTGY-2DA7-KAB8,16,16,1,6134.104788,383.381549,3.538,230,213,0
G25OR,4,448,MJWD-8RQ7-3S62-HQ4T,16,16,1,4080.622845,255.038928,2.087,120,115,0
G25OR,4,449,RPWY-748G-SWED-MEG7,11,11,1,7370.455714,670.041429,5.175,356,336,0
G25OR,4,450,3DND-9F8G-RHYZ-UGSQ,12,12,1,7146.534567,595.544547,3.429,295,287,0
G25OR,4,451,9356-BX9Z-Z6BR-KKB7,14,14,1,7927.08907,566.220648,4.166,330,317,0
G25OR,4,452,PHF4-HK3P-3TJD-K65M,15,15,1,7027.513573,468.500905,3.7,236,228,0
G25OR,4,453,TUHP-PT93-E3AW-WBV8,14,14,1,7453.240614,532.37433,3.59,292,281,0
G25OR,4,454,AUYX-V63Z-FQA4-47BV,10,10,1,7139.688025,713.968803,4.056,320,309,0
G25OR,4,455,852V-2J5G-54A2-5SJW,12,12,1,7372.789071,614.399089,3.397,316,303,0
G25OR,4,456,MK94-W45M-JMZE-6X39,10,10,1,7377.831262,737.783126,4.125,351,336,0
G25OR,4,457,AG7T-GVN9-BYNZ-36HY,12,12,1,6941.940219,578.495018,3.39,276,267,0
G25OR,4,458,36DM-35UJ-7NGG-Z7ZJ,16,16,1,6541.009053,408.813066,2.632,242,229,0
G25OR,4,459,BETC-92AA-8G6P-DMSZ,12,12,1,7299.167075,608.263923,4.398,349,338,0
G25OR,4,460,3EHH-P82Q-F6TT-5DW7,16,16,1,4118.609819,257.413114,2.081,139,134,0
G25OR,4,461,E3N2-YT3C-WXWY-C54N,11,11,1,7405.833075,673.257552,3.571,298,282,0
G25OR,4,462,TAGY-4EJ4-7SKG-C5XM,11,11,1,7269.153819,660.832165,3.142,325,311,0
G25OR,4,463,D2CE-2JQF-T4GU-WDUR,10,10,1,7408.376512,740.837651,3.702,342,330,0
G25OR,4,464,V9W9-7Y95-7PWW-38US,14,14,1,6976.779808,498.341415,3.198,240,230,0
G25OR,4,465,397Y-26J3-QPRX-EJMJ,16,16,1,6951.943479,434.496467,3.183,256,243,0
G25OR,4,466,9THN-3UZJ-QZ6X-KVV4,11,11,1,6579.425753,598.129614,4.339,297,286,0
G25OR,4,467,E978-66VX-4A6J-KH2B,16,16,1,7403.95507,462.747192,4.473,273,258,0
G25OR,4,468,C7WN-E23Q-63GC-EUTK,14,14,1,6833.504934,488.107495,2.302,258,241,0
G25OR,4,469,97F3-SAYP-J7AW-GEZA,10,10,1,7298.978242,729.897824,2.24,327,316,1
G25OR,4,470,Q57V-9CSY-ZPSD-7ZHY,11,11,1,7414.025493,674.002318,4.162,340,320,0
G25OR,4,471,8W4W-ZNSS-9FZ3-MWUD,12,12,1,6720.407143,560.033929,2.139,275,264,0
G25OR,4,472,7K6Q-9YXA-TDMN-FT23,13,13,1,6864.365531,528.028118,4.348,290,280,0
G25OR,4,473,FCWD-APYQ-T573-ZYGT,12,12,1,6981.546553,581.795546,3.484,284,275,0
G25OR,4,474,KWQY-S3X7-MSZ4-SFA3,13,13,1,6541.822664,503.217128,2.262,243,234,0
G25OR,4,475,JREQ-ZC46-B5MW-N935,11,11,1,7036.863935,639.714903,4.316,310,294,0
G25OR,4,476,VUW7-U9P2-9DAD-4BZR,12,12,1,6649.51888,554.126573,4.565,321,310,0
G25OR,4,477,QSB8-93NC-KKVS-YBYU,15,15,1,7421.296237,494.753082,2.182,252,243,0
G25OR,4,478,YRCS-EQ5V-9J6Y-A9Y4,10,10,1,6503.968603,650.39686,4.352,311,299,0
G25OR,4,479,24KT-W2BM-NQXE-RTK4,15,15,1,7011.900173,467.460012,2.133,228,217,0
G25OR,4,480,884G-M6NA-7U96-99BN,11,11,1,7246.341268,658.758297,3.69,326,316,0
G25OR,4,481,HKVS-A956-DGPA-QGYH,16,16,1,4176.234136,261.014634,1.485,134,120,0
G25OR,4,482,SQFW-2Q9V-TBZ7-FTZG,15,15,1,6740.861899,449.390793,3.895,244,234,0
G25OR,4,483,S4QM-VGC4-MHGP-DPTY,13,13,1,6744.433651,518.802589,2.739,282,277,0
G25OR,4,484,RAGK-7EZJ-TGMA-NAKM,12,12,1,7460.19813,621.683177,2.806,320,303,0
G25OR,4,485,E5HQ-D9AB-TPGQ-BXGR,14,14,1,7594.009129,542.429224,3.788,270,257,0
G25OR,4,486,FPCX-6D88-VKUZ-X9C9,11,11,1,6482.545698,589.322336,3.174,309,298,0
G25OR,4,487,UXM4-Q9UC-J3BK-DRJN,13,13,1,6913.040398,531.772338,2.463,288,277,0
G25OR,4,488,JU5A-9352-WN3W-JSC7,11,11,1,7340.08977,667.280888,2.108,322,307,0
G25O-R full,3,489,3RV8-ERGT-CSTD-S2BE,14,14,1,4250.132888,303.580921,1.88,107,97,1
G25O-R full,3,490,SCMB-F56W-2CUS-8DUF,15,15,1,4411.241212,294.082747,1.727,101,98,0
G25O-R full,3,491,VREE-DGSM-QTHB-8HDK,14,14,1,4027.940025,287.710002,1.481,97,94,0
G25O-R full,3,492,GJFG-HASY-VCG9-BZPP,13,13,1,4181.357294,321.642869,1.843,113,111,2
G25O-R full,3,493,5ZSD-MAA6-MP6A-4HMH,12,12,1,4228.875632,352.406303,1.637,125,119,0
G25O-R full,3,494,Z5Y9-2TCJ-AWPA-DFCG,15,15,1,4329.654012,288.643601,1.435,111,104,0
G25O-R full,3,495,RF9C-KPBU-CWMH-KK86,14,14,1,3504.566699,250.326193,1.617,99,96,1
G25O-R full,3,496,ANW9-URKH-JFVW-SJT2,15,15,1,4387.064088,292.470939,1.403,105,100,0
G25O-R full,3,497,FSXW-AH4N-PMQK-M22V,16,16,1,4371.890007,273.243125,1.547,112,106,2
G25O-R full,3,498,9VMM-CQ4C-5CUM-HBN7,14,14,1,3885.617823,277.54413,1.376,114,111,0
G25O-R full,3,499,DV7Y-BP77-BHGM-V8GT,14,14,1,4246.140054,303.295718,1.359,97,93,0
G25O-R full,3,500,2GUD-N7NY-VHE5-DCJ9,16,16,1,4365.685786,272.855362,1.482,93,87,2
G25O-R full,3,501,2TAH-7FQM-24R9-NR7G,12,12,1,4399.27508,366.606257,1.508,113,110,0
G25O-R full,3,502,SBKS-YC88-HZKU-4CDW,11,11,1,4136.954274,376.086752,1.238,113,105,0
G25O-R full,3,503,4H6Y-VGHD-9UHS-C2VE,10,10,1,3648.557446,364.855745,1.452,113,111,2
G25O-R full,3,504,ZHS5-KHH3-AKXR-8YB4,10,10,1,4188.115083,418.811508,1.334,122,115,0
G25O-R full,3,505,TRYD-3KAB-D3G8-VSTR,16,16,1,3974.049138,248.378071,1.322,94,88,2
G25O-R full,3,506,Q5YR-P4FF-PA5Z-BD3R,12,12,1,4434.742183,369.561849,1.229,117,111,0
G25O-R full,3,507,XZ8C-3KU8-YMBP-ASRX,14,14,1,4232.911801,302.350843,1.226,110,106,0
G25O-R full,3,508,UHQ2-BKDF-98WQ-DTHT,16,16,1,4076.840007,254.8025,1.236,98,89,0
G25O-R full,3,509,9YPW-ANCD-79F5-ZZ9M,15,15,1,3998.382895,266.55886,1.522,97,92,1
G25O-R full,3,510,MA48-H72J-FHEN-PPKG,13,13,1,4082.922698,314.070977,0.998,113,107,1
G25O-R full,3,511,4NUR-3BA3-6B6A-A9RA,11,11,1,4548.026881,413.456989,1.478,115,112,1
G25O-R full,3,512,AF3W-2RTM-AUD4-A6RW,10,10,1,4120.849955,412.084995,1.558,123,116,0
G25O-R full,3,513,6Q5T-MCAZ-WY24-5JB4,13,13,1,3842.352295,295.565561,1.567,101,98,0
G25O-R full,3,514,ZBRA-38S7-H6BE-XE9K,15,15,1,4421.515156,294.767677,1.545,109,100,1
G25O-R full,3,515,H6C2-VVD4-FHGS-K6J5,16,16,1,4080.932655,255.058291,1.635,98,88,2
G25O-R full,3,516,P47E-HQXU-DCAH-VYW8,14,14,1,4038.154037,288.439574,1.666,103,98,0
G25O-R full,3,517,UYRT-7EDY-EBEW-UQY5,13,13,1,4435.622398,341.201723,1.648,117,108,0
G25O-R full,3,518,4GPH-P9CF-NQ9H-UD5J,15,15,1,4781.408796,318.760586,1.436,108,104,1
G25O-R full,3,519,5YC3-E9XA-2E9E-8FVR,11,11,1,3874.347448,352.213404,1.668,113,110,0
G25O-R full,3,520,RKBM-Z3FE-42BZ-3JJV,15,15,1,4392.783049,292.852203,1.814,111,107,0
G25O-R full,3,521,VBFJ-HHUW-TQ6C-8G6H,10,10,1,3601.240272,360.124027,1.414,117,114,1
G25O-R full,3,522,V3U6-74PG-VH3R-G6Y6,13,13,1,4099.627212,315.355939,1.442,111,106,0
G25O-R full,3,523,XRT5-69BN-QB3P-TF5G,15,15,1,4873.427451,324.895163,1.324,110,103,1
G25O-R full,3,524,TUUS-UZE7-SU3X-HGA3,15,15,1,4342.857234,289.523816,1.264,107,103,1
G25O-R full,3,525,S58V-VNBR-ZWP5-UBCJ,10,10,1,3751.273302,375.12733,1.417,111,104,0
G25O-R full,3,526,HQ5B-XHZD-BBN9-JR9C,11,11,1,3935.306797,357.755163,1.437,111,108,0
G25O-R full,3,527,6689-EVF7-J3WC-CEAZ,16,16,1,4496.655322,281.040958,1.751,111,104,2
G25O-R full,3,528,W2GD-TC2G-7MS6-7TY2,12,12,1,4215.316293,351.276358,1.591,116,109,1
G25O-R full,3,529,4ZR5-9HJB-BX53-SNPH,15,15,1,3931.261495,262.0841,1.133,101,97,2
G25O-R full,3,530,H46U-6CUE-G7NQ-BB2Y,14,14,1,4456.924454,318.351747,1.393,104,101,0
G25O-R full,3,531,PJQD-KB2P-YUC2-6YHV,16,16,1,4496.441313,281.027582,1.658,93,85,0
G25O-R full,3,532,8NYS-4PF6-KWD4-5E8A,16,16,1,4413.770469,275.860654,1.584,94,87,0
G25O-R full,3,533,9N7F-7JS9-V57V-CT7C,11,11,1,4208.947985,382.631635,1.573,120,117,0
G25O-R full,3,534,Z8FQ-XNCP-B6PN-PDPC,10,10,1,3675.229544,367.522954,1.205,107,105,0
G25O-R full,3,535,DZY7-3MNV-CPHU-N5AY,16,16,1,4130.827628,258.176727,1.585,107,99,0
G25O-R full,3,536,5C5X-B2MV-KR2D-AT5U,16,16,1,4178.918705,261.182419,1.526,109,99,0
G25O-R full,3,537,7NAE-6F7A-XT99-83TR,15,15,1,4873.491379,324.899425,1.672,115,105,0
G25O-R full,3,538,34HM-3EMQ-2B8R-WPQZ,10,10,1,3877.737293,387.773729,1.53,112,110,0
G25O-R full,3,539,9MYW-88DY-4JGH-R83R,16,16,1,3939.771467,246.235717,1.514,97,92,0
G25O-R full,3,540,AZTU-EW7K-HDW3-XH4T,12,12,1,4485.35244,373.77937,1.803,118,113,0
G25O-R full,3,541,535X-AVDJ-MTDF-B2FZ,10,10,1,3382.721643,338.272164,1.505,110,104,0
G25O-R full,3,542,E4SR-69VZ-HP5C-8TE5,12,12,1,4072.127464,339.343955,1.615,116,111,0
G25O-R full,3,543,QDNY-TFF9-29XR-RSYG,14,14,1,4681.562612,334.397329,1.634,113,108,0
G25O-R full,3,544,CSXF-CFFW-ZW47-N9AB,16,16,1,4509.028549,281.814284,1.411,104,94,0
G25O-R full,3,545,R2AD-RGXQ-FKD9-ABZR,16,16,1,4025.948626,251.621789,1.363,97,94,0
G25O-R full,3,546,W2RZ-WGJB-E95R-23GF,11,11,1,4103.72547,373.065952,1.411,113,111,2
G25O-R full,3,547,8UNF-287K-DSDG-94JJ,14,14,1,4547.364835,324.811774,1.484,100,96,1
G25O-R full,3,548,59GM-44TY-3XJ3-TS6N,13,13,1,4219.728316,324.594486,1.261,100,99,1
G25O-R full,3,549,JPRN-Z4HW-RV65-T7NV,10,10,1,4011.742155,401.174216,1.242,116,111,1
G25O-R full,3,550,BBDS-UF74-PU5K-YZHM,12,12,1,4282.929109,356.910759,1.36,124,119,1
G25O-R full,3,551,QVHK-QDSK-V7U2-T27N,10,10,1,3799.011338,379.901134,1.32,109,106,0
G25O-R full,3,552,X7M2-KCAX-MFP7-C23U,15,15,1,4286.517031,285.767802,1.585,107,102,0
G25O-R full,3,553,22XH-PE3V-D9ZJ-DESM,11,11,1,4037.381232,367.034657,1.51,116,113,1
G25O-R full,3,554,MDGQ-3HHZ-UDW6-SMJ2,14,14,1,4291.809552,306.557825,1.492,99,95,0
G25O-R full,3,555,FDXM-XR58-4BXB-VVMF,11,11,1,3460.873065,314.624824,1.39,103,100,1
G25O-R full,3,556,3NMB-3VBZ-WQJF-GEJH,12,12,1,3725.484614,310.457051,1.32,105,100,1
G25O-R full,3,557,TUAW-T9RD-H5R2-HPBH,14,14,1,4006.442911,286.174494,1.679,97,95,0
G25O-R full,3,558,U6T8-P7TC-TSYT-KX7J,14,14,1,4150.465295,296.461807,1.398,100,99,0
G25O-R full,3,559,F8ET-P8AZ-RTF4-VDBS,15,15,1,4291.126859,286.075124,1.682,109,100,0
G25O-R full,3,560,U2DW-3CKV-XD49-3CEV,16,16,1,3981.131406,248.820713,1.763,106,100,0
G25O-R full,3,561,TGQW-K6KN-S2P7-8QKE,14,14,1,4506.497438,321.892674,1.58,105,100,0
G25O-R full,3,562,UR26-BGTW-EEQ9-RTRJ,15,15,1,4430.778228,295.385215,1.727,96,92,1
G25O-R full,3,563,SP7J-8E49-TRWY-JK5V,13,13,1,4002.825831,307.909679,1.55,109,105,1
G25O-R full,3,564,ZR28-QEPN-FS7K-DU4R,12,12,1,4089.370438,340.78087,1.156,103,100,1
G25O-R full,3,565,3CX3-GRXN-WMDA-GMRK,12,12,1,3974.979274,331.248273,1.471,114,110,1
G25O-R full,3,566,MNNY-SAQX-R4MY-943M,15,15,1,3793.62342,252.908228,1.479,101,96,0
G25O-R full,3,567,XKCD-4TYZ-FYKJ-233Y,13,13,1,4224.782317,324.983255,1.464,103,97,2
G25O-R full,3,568,4JA8-MK8H-F9AX-8Z2V,12,12,1,4042.00891,336.834076,1.694,120,113,0
G25O-R full,3,569,YU3T-NFYJ-YAME-24DA,11,11,1,3833.315367,348.483215,1.714,107,103,0
G25O-R full,3,570,HVZ4-P3BG-QE9U-SCSU,14,14,1,4705.586344,336.11331,1.536,115,111,0
G25O-R full,3,571,JAPP-8M3Y-EZWK-DAZT,11,11,1,4018.151164,365.286469,1.672,123,118,0
G25O-R full,3,572,MF8J-ABHZ-T3TK-93K9,14,14,1,3719.748192,265.696299,1.191,98,97,0
G25O-R full,3,573,9WXE-WNPJ-D7CJ-NY32,13,13,1,4356.872452,335.144035,1.431,118,113,0
G25O-R full,3,574,TPWT-9842-69TE-WUD3,13,13,1,4577.476403,352.113569,1.423,114,110,0
G25O-R full,3,575,YKDW-9NDK-3WSQ-AN2H,13,13,1,4056.611843,312.047065,1.443,109,102,0
G25O-R full,3,576,58Y9-XPSZ-XMPN-FK6Z,16,16,1,4481.346104,280.084132,1.739,96,89,0
G25O-R full,3,577,W9Y3-HTBE-E7D6-G9BE,14,14,1,4353.821585,310.987256,1.589,105,100,0
G25O-R full,3,578,6Z52-UYC2-QZR6-T7TC,12,12,1,4100.803767,341.733647,1.72,102,99,1
G25O-R full,3,579,75AX-QZG4-VB8W-XNCU,10,10,1,3404.299263,340.429926,1.621,118,114,0
G25O-R full,3,580,MZ3J-JMBH-YTYH-9WTP,11,11,1,3764.232612,342.202965,1.547,112,110,0
G25O-R full,3,581,VR2P-DS4R-U7J2-2N89,13,13,1,3775.970944,290.459303,1.592,103,97,1
G25O-R full,3,582,ZVQX-P47Z-S3P7-KEM4,12,12,1,4146.962426,345.580202,1.471,114,109,0
G25O-R full,3,583,G6HP-XED5-ZZPB-ASV6,12,12,1,4292.542051,357.711838,1.429,113,109,0
G25O-R full,3,584,37YP-DWTG-9UER-EYNZ,14,14,1,4211.165701,300.79755,1.178,117,112,0
G25O-R full,3,585,4V23-QF7W-EAHZ-6SS4,14,14,1,3948.639757,282.045697,1.253,107,101,0
G25O-R full,3,586,BEZK-2HQW-XWKM-332H,10,10,1,3749.175616,374.917562,1.625,116,112,0
G25O-R full,3,587,YHV8-N5PF-RX65-2HKR,16,16,1,4384.530835,274.033177,1.061,104,100,0
G25O-R full,3,588,5MD4-PK6B-YCUQ-XEXQ,12,12,1,4015.777203,334.6481,1.355,108,107,0
G25O-R full,4,589,DPX3-ZWJJ-G9RP-GBPT,13,13,1,7062.587167,543.275936,3.717,266,256,0
G25O-R full,4,590,4QV8-YYGQ-HQ38-855R,10,10,1,7107.051503,710.70515,4.332,328,317,0
G25O-R full,4,591,JTHM-JVSZ-95J3-6VZE,11,11,1,6954.808548,632.255323,3.853,310,297,0
G25O-R full,4,592,8TXC-YM5R-P5CD-5UVZ,16,16,1,3863.381757,241.46136,2.303,146,137,0
G25O-R full,4,593,Z7ZF-CAPP-ATVH-TPZF,11,11,1,7587.795887,689.799626,4.825,355,348,0
G25O-R full,4,594,FA33-6DWM-JZSK-5VEK,10,10,1,7440.253603,744.02536,3.803,347,335,0
G25O-R full,4,595,FXMN-F9MB-TPE6-XY3U,12,12,1,7186.454873,598.871239,3.618,268,259,0
G25O-R full,4,596,A7X8-H59G-GGK6-TETJ,16,16,1,6416.518746,401.032422,3.233,229,215,0
G25O-R full,4,597,G2RZ-ENHJ-FM2C-AC5D,13,13,1,6842.119303,526.316869,3.229,270,265,0
G25O-R full,4,598,6EDN-4M3Q-2CNY-ZAXU,15,15,1,6924.67525,461.645017,3.378,270,260,0
G25O-R full,4,599,4URA-VEZQ-USX8-JDXR,11,11,1,7331.962297,666.542027,3.926,335,314,0
G25O-R full,4,600,VV99-N738-72YW-BBU3,13,13,1,7500.198742,576.938365,3.446,308,290,0
G25O-R full,4,601,Q72H-F9X9-VG3J-KCNZ,15,15,1,7469.841889,497.989459,3.943,289,275,0
G25O-R full,4,602,6NU8-NT3N-5NNN-2FUG,12,12,1,6910.702315,575.89186,3.432,296,286,0
G25O-R full,4,603,6NWV-69ET-8MG7-V3Y4,15,15,1,7227.919571,481.861305,3.221,230,218,0
G25O-R full,4,604,NXX8-QYT6-6P6K-KX96,15,15,1,6823.84777,454.923185,4.002,243,235,0
G25O-R full,4,605,NWBE-T5JH-7A3X-DBPB,15,15,1,7654.278082,510.285205,3.943,247,238,0
G25O-R full,4,606,HGB3-MYN8-T2GQ-TBCT,15,15,1,6875.667127,458.377808,3.557,245,235,0
G25O-R full,4,607,RJMP-WAT4-TUW6-H2J5,11,11,1,7441.174782,676.470435,4.371,316,301,0
G25O-R full,4,608,HDCD-ZFT3-W76R-3TKH,13,13,1,7715.849269,593.526867,4.48,334,315,0
G25O-R full,4,609,HV4P-HQTR-JPMW-E98K,10,10,1,7012.178077,701.217808,3.54,327,313,0
G25O-R full,4,610,HE67-XZJ4-KNAF-5MZM,14,14,1,7449.452703,532.103765,3.208,278,264,0
G25O-R full,4,611,J9AJ-KSQH-GYVQ-T992,16,16,1,5915.732051,369.733253,3.379,231,221,1
G25O-R full,4,612,YHYR-76P9-S9DM-SXV6,16,16,1,5901.631373,368.851961,2.472,207,197,0
G25O-R full,4,613,C2E3-S576-SVUQ-H2T3,11,11,1,7187.02719,653.366108,3.269,325,316,0
G25O-R full,4,614,9YCU-6J9U-ATR2-GP99,11,11,1,7769.059893,706.278172,4.64,347,333,0
G25O-R full,4,615,K4WX-PFZ7-4WFN-5BUE,11,11,1,7310.614777,664.601343,3.837,302,288,0
G25O-R full,4,616,AJQN-396H-AERB-575J,14,14,1,7145.887873,510.420562,3.729,271,264,0
G25O-R full,4,617,36C7-6ZJN-DDZX-ZM3B,11,11,1,7104.877714,645.897974,4.42,308,294,0
G25O-R full,4,618,H4TD-BBPM-4T8D-886M,15,15,1,7777.726482,518.515099,3.639,278,266,0
G25O-R full,4,619,7X53-DSRJ-8DXP-94Z3,16,16,1,4666.753298,291.672081,2.415,158,150,0
G25O-R full,4,620,KG2P-9MAP-595C-8XF6,10,10,1,7256.830644,725.683064,3.975,349,338,0
G25O-R full,4,621,AW2U-T83A-6K3E-VGE9,13,13,1,6778.828149,521.448319,3.143,277,267,0
G25O-R full,4,622,4KAD-DBJX-JR5F-948B,14,14,1,8000.218493,571.444178,3.905,321,301,0
G25O-R full,4,623,DUZ3-W2AC-URUE-96FP,13,13,1,6941.917184,533.99363,3.456,278,270,1
G25O-R full,4,624,U5AK-Q293-6EZ9-S29N,11,11,1,7420.879107,674.625373,3.489,318,308,0
G25O-R full,4,625,6VJ6-5KKF-CS5V-YC8W,14,14,1,7478.51379,534.179556,3.125,299,295,0
G25O-R full,4,626,J9T6-YNPJ-6ZAG-K4XH,12,12,1,7687.778175,640.648181,4.065,324,307,0
G25O-R full,4,627,HF3G-8S5S-ZDTV-78F8,12,12,1,6951.732544,579.311045,3.868,269,259,0
G25O-R full,4,628,E3KR-UPDD-KNKS-RNZH,14,14,1,6681.18053,477.227181,3.459,225,215,0
G25O-R full,4,629,ZFYJ-MBVM-DMQV-JKEK,11,11,1,6741.287353,612.844305,3.67,297,286,0
G25O-R full,4,630,3H6T-ZTNH-DH4Y-J4EJ,14,14,1,8237.277277,588.376948,3.853,303,281,0
G25O-R full,4,631,FCKJ-XZKV-F8HD-JBD3,13,13,1,6868.502739,528.346365,3.58,281,270,0
G25O-R full,4,632,UA2S-XMQZ-6DXS-3W7D,16,16,1,4632.499448,289.531215,2.567,163,155,0
G25O-R full,4,633,6X9F-U65M-7DGX-J2S4,15,15,1,7667.990069,511.199338,3.384,265,258,0
G25O-R full,4,634,YHWP-65UC-XH29-7556,16,16,1,7385.509304,461.594332,3.55,261,241,0
G25O-R full,4,635,HJZY-9UNQ-7DAB-AWVB,10,10,1,7001.844944,700.184494,4.321,311,297,0
G25O-R full,4,636,3BVB-X3D9-ND9T-RCF7,10,10,1,7970.164723,797.016472,4.279,385,369,0
G25O-R full,4,637,XUQS-2JVQ-2S56-ZRBU,12,12,1,6530.029356,544.169113,3.834,275,266,0
G25O-R full,4,638,7JAW-4MTH-SK3S-Z74T,12,12,1,6622.562586,551.880215,3.759,279,269,0
G25O-R full,4,639,W4EE-THXJ-YBFK-G2UF,16,16,1,5395.915689,337.244731,3.098,191,177,0
G25O-R full,4,640,AM23-FTH8-ZBMT-AZP5,16,16,1,4887.848495,305.490531,2.592,168,160,0
G25O-R full,4,641,4VDU-AGV2-KVVV-4PM5,11,11,1,7153.073377,650.279398,3.655,349,342,0
G25O-R full,4,642,REXB-SPUU-ZD26-45Q8,12,12,1,7303.924414,608.660368,3.998,304,297,0
G25O-R full,4,643,HQC5-KFAU-PU4A-3EBM,10,10,1,7341.898826,734.189883,4.406,354,346,0
G25O-R full,4,644,GH89-D4PC-6C3F-WU8G,13,13,1,7040.313205,541.562554,3.323,272,265,0
G25O-R full,4,645,RKUQ-XQ65-GB6B-DM5A,10,10,1,7093.164273,709.316427,4.158,334,321,0
G25O-R full,4,646,E4ZK-BA7C-B3VA-VKRU,14,14,1,6947.541504,496.252965,3.895,273,262,0
G25O-R full,4,647,NP78-9Y7K-NXBE-E528,10,10,1,7350.668268,735.066827,3.383,345,329,0
G25O-R full,4,648,K827-8DD3-QNEB-4HN8,11,11,1,7153.208037,650.29164,4.017,333,326,0
G25O-R full,4,649,VZ34-H6TV-4ES6-FA6N,10,10,1,7496.419208,749.641921,3.624,370,361,0
G25O-R full,4,650,7J95-QQNU-BQ7P-BQBZ,15,15,1,7176.353129,478.423542,3.709,269,261,0
G25O-R full,4,651,WNKP-GHZX-BVJH-MCY4,13,13,1,6685.186131,514.245087,4.162,294,286,0
G25O-R full,4,652,JAHY-Q35P-FEG9-JBVC,15,15,1,7194.585675,479.639045,3.674,262,251,0
G25O-R full,4,653,5MCB-TE3J-J5W6-XXTQ,13,13,1,7750.181102,596.167777,3.958,312,304,0
G25O-R full,4,654,JKB8-CJH4-N5W2-9SNG,14,14,1,7632.127505,545.151965,3.921,296,283,0
G25O-R full,4,655,Z6NK-YCZ3-9ANR-FVY2,11,11,1,6939.451645,630.85924,3.678,291,282,0
G25O-R full,4,656,4FEN-NQ3F-Y9VZ-UMA9,14,14,1,7008.741287,500.624378,3.465,254,245,0
G25O-R full,4,657,ZN4F-MTEK-JSN7-KVJ4,11,11,1,6729.161639,611.741967,4.015,295,285,0
G25O-R full,4,658,63RV-7GR6-BQDN-JD4H,10,10,1,7199.347167,719.934717,3.993,337,323,0
G25O-R full,4,659,DSWN-QKDJ-SS3E-EKPQ,16,16,1,5444.021932,340.251371,2.965,191,177,0
G25O-R full,4,660,TQST-X8WD-MHSJ-UU3S,14,14,1,6974.115316,498.151094,3.567,242,233,0
G25O-R full,4,661,N6VC-THJ6-XJ6D-G8X8,14,14,1,7050.206076,503.586148,3.774,277,269,1
G25O-R full,4,662,P8VE-DA3E-49F9-7RU3,13,13,1,7225.271214,555.790093,3.31,303,288,0
G25O-R full,4,663,HPYU-BHW2-7H8S-2XNF,14,14,1,6594.360177,471.025727,3.735,252,244,0
G25O-R full,4,664,4VNY-UCSN-FAMR-Q6MZ,14,14,1,7269.2597,519.232836,3.63,304,289,0
G25O-R full,4,665,CJ8N-2G2Q-HW3T-8X7U,13,13,1,7357.417422,565.955186,3.322,284,280,0
G25O-R full,4,666,6XG6-SJ6Q-S7EF-7UJP,12,12,1,7346.895078,612.241256,3.259,330,318,0
G25O-R full,4,667,B6M9-Z7Q7-SEVF-XCFE,13,13,1,6824.161688,524.935514,3.249,268,257,0
G25O-R full,4,668,W2A6-FAJZ-Z3EW-VRVC,11,11,1,7511.481444,682.861949,3.368,341,331,0
G25O-R full,4,669,GQW3-UZ6H-6B95-FK9E,16,16,1,6866.677065,429.167317,3.528,236,227,0
G25O-R full,4,670,ASQN-HQZ6-263Q-62S5,10,10,1,7268.615959,726.861596,3.423,316,306,0
G25O-R full,4,671,P3QX-W3P7-SH9K-R43X,12,12,1,7399.957291,616.663108,3.862,324,313,0
G25O-R full,4,672,DN4F-HCCK-GV4A-E5XP,10,10,1,6384.137518,638.413752,3.579,299,286,0
G25O-R full,4,673,5U4W-8H9D-AMQZ-53T8,12,12,1,7271.586021,605.965502,4.394,319,299,0
G25O-R full,4,674,B22X-7WJU-UJ7Q-W8FP,12,12,1,7284.163933,607.013661,3.898,300,289,0
G25O-R full,4,675,5CKR-KUJY-38BB-7HEH,15,15,1,7446.487863,496.432524,3.275,270,265,0
G25O-R full,4,676,52GB-5PAE-S7HP-WXMX,12,12,1,7104.61865,592.051554,3.488,291,276,0
G25O-R full,4,677,7SJ3-6W3T-MFAB-M27C,16,16,1,5714.773902,357.173369,2.693,218,204,0
G25O-R full,4,678,VUP3-ZXSX-5J3B-4RQ2,15,15,1,6746.896015,449.793068,3.498,243,234,0
G25O-R full,4,679,9NR5-V8ES-8TE9-N52S,14,14,1,7717.387444,551.24196,4.176,280,270,0
G25O-R full,4,680,VC2T-ANV4-WWCU-AXTC,10,10,1,6782.108288,678.210829,3.427,317,304,0
G25O-R full,4,681,REYR-AFDD-QY82-UGNV,16,16,1,6694.158789,418.384924,3.966,258,241,0
G25O-R full,4,682,Q9EC-WHRG-6R8J-Z5AU,11,11,1,7472.458726,679.31443,4.555,333,323,0
G25O-R full,4,683,TSQ6-5PYD-7QP7-VQFH,11,11,1,7278.815337,661.710485,4.184,321,308,0
G25O-R full,4,684,6YS2-SVSN-UDH2-DKZ2,16,16,1,5614.87979,350.929987,2.802,199,185,0
G25O-R full,4,685,VU66-Y4GP-6HD5-KQ7V,11,11,1,7147.188755,649.744432,3.968,306,299,0
G25O-R full,4,686,QPWC-X3YX-BJJC-9HR3,15,15,1,7155.909796,477.060653,3.978,262,258,0
G25O-R full,4,687,QFPE-YJNC-5SMN-7NJ5,14,14,1,7583.706621,541.69333,3.71,268,258,0
G25O-R full,4,688,HXYD-V7Y8-DK3A-3VU7,13,13,1,7229.355604,556.104277,3.921,268,263,0
