run_id,block,mode,variant,db_id,practice_run_no,case_code,jammer_count,cleared_jammer_count,virtual_time_s,program_run_duration_ms,measure_accepted_count,channel_switch_count,clear_failure_count,end_reason,status
main-b001-p1-isrv2-q4,1,4,ISRV2,1131,4889540538507630505,C2YH-JPJ2-NFTJ-CPH3,13,13,5780.338317,3167,242,231,0,user_exit,verified_full_clear
main-b002-p1-isrv2-q4,2,4,ISRV2,1132,2520094907307658648,PFJC-PMQF-GBTF-P95P,16,16,3748.491879,2133,128,123,0,user_exit,verified_full_clear
main-b003-p1-isrv2-q4,3,4,ISRV2,1133,8306765515704812345,QZXH-XC3U-355Z-UU25,10,10,6624.980899,3458,348,330,0,user_exit,verified_full_clear
main-b004-p1-isrv2-q4,4,4,ISRV2,1134,3092059741242269371,R8T2-CW48-EAZY-7PP2,12,12,5694.312088,3655,279,265,0,user_exit,verified_full_clear
main-b005-p1-isrv2-q4,5,4,ISRV2,1135,8429546759362320135,6G6G-JJMC-AYR6-ZYDM,14,14,6054.589568,3283,260,251,0,user_exit,verified_full_clear
main-b006-p1-isrv2-q4,6,4,ISRV2,1136,1187334572748678326,JCXT-SAJA-XC3T-2WQA,10,10,6424.909413,3351,309,295,0,user_exit,verified_full_clear
main-b007-p1-isrv2-q4,7,4,ISRV2,1137,1027036203883177619,FGMS-XZTS-MYN4-R7BP,12,12,5974.573553,3276,278,268,0,user_exit,verified_full_clear
main-b008-p1-isrv2-q4,8,4,ISRV2,1138,421975422318016157,U9YF-JENE-4QRZ-QUS3,13,13,6611.152257,3494,268,256,0,user_exit,verified_full_clear
main-b009-p1-isrv2-q4,9,4,ISRV2,1139,7503112793873929304,UZR8-JZBD-K6SE-MZCW,14,14,6995.906058,3692,317,308,0,user_exit,verified_full_clear
main-b010-p1-isrv2-q4,10,4,ISRV2,1140,7521146025253169886,7JT5-QY77-4MJX-UUHA,12,12,6644.096986,3786,321,308,0,user_exit,verified_full_clear
main-b011-p1-isrv2-q4,11,4,ISRV2,1141,6945212631404819992,K6JR-3RSG-N9NM-PUEE,10,10,6040.292142,3616,302,292,0,user_exit,verified_full_clear
main-b012-p1-isrv2-q4,12,4,ISRV2,1142,2156933450963654610,G7G6-QMZQ-DMAV-APZJ,11,11,7219.774577,4055,337,330,0,user_exit,verified_full_clear
main-b013-p1-isrv2-q4,13,4,ISRV2,1143,4917251451072994804,DKBD-2BCS-725A-DZ6E,10,10,6085.749756,3830,309,294,0,user_exit,verified_full_clear
main-b014-p1-isrv2-q4,14,4,ISRV2,1144,8768398163491375000,SDQT-46J3-44ZZ-KNUV,10,10,6804.176565,3968,346,325,0,user_exit,verified_full_clear
main-b015-p1-isrv2-q4,15,4,ISRV2,1145,610556494500951237,D48H-ZVAU-JNNF-4ERM,11,11,5989.132574,3820,299,291,0,user_exit,verified_full_clear
main-b016-p1-isrv2-q4,16,4,ISRV2,1146,6408521723695137698,ECTD-JSHC-3WTT-EDYN,15,15,6258.4851,2506,199,190,0,user_exit,verified_full_clear
main-b017-p1-isrv2-q4,17,4,ISRV2,1147,6450540804856005382,FCWM-HR9D-3WC6-RM9Y,11,11,6183.897433,3324,291,280,0,user_exit,verified_full_clear
main-b018-p1-isrv2-q4,18,4,ISRV2,1148,7359173066834695619,CZTG-37R3-M8S8-SDHA,16,16,6634.705104,3622,273,252,0,user_exit,verified_full_clear
main-b019-p1-isrv2-q4,19,4,ISRV2,1149,4708845921001945034,T7Z9-UH5A-2YW8-HCNV,14,14,6513.395721,3565,275,262,1,user_exit,verified_full_clear
main-b020-p1-isrv2-q4,20,4,ISRV2,1150,7001304877786396115,MNNF-HSAB-DZ62-4ED8,15,15,5755.186413,2853,199,189,1,user_exit,verified_full_clear
main-b021-p1-isrv2-q4,21,4,ISRV2,1151,2691804685270994195,FV6Q-S43W-CE3R-ZUK9,11,11,6691.312099,4278,339,324,0,user_exit,verified_full_clear
main-b022-p1-isrv2-q4,22,4,ISRV2,1152,5679366029441833882,KSGZ-WUZ4-KW4A-ZZSG,13,13,6497.409532,3284,319,310,0,user_exit,verified_full_clear
main-b023-p1-isrv2-q4,23,4,ISRV2,1153,8777691472262379350,QF83-TCZT-W7AJ-C9AR,16,16,5526.080522,3022,202,195,2,user_exit,verified_full_clear
main-b024-p1-isrv2-q4,24,4,ISRV2,1154,7155911658566624668,NQJK-2XPW-N7QX-B2PH,13,13,6279.61431,3261,232,218,0,user_exit,verified_full_clear
main-b025-p1-isrv2-q4,25,4,ISRV2,1155,7298820119278096008,GVT4-6JQS-KKZP-4DPF,11,11,6287.053525,4468,307,295,1,user_exit,verified_full_clear
main-b026-p1-isrv2-q4,26,4,ISRV2,1156,1337685321126135443,95UY-KGM2-TSJ6-M4DH,16,16,5633.580362,3324,213,201,1,user_exit,verified_full_clear
main-b027-p1-isrv2-q4,27,4,ISRV2,1157,7026626714054079204,EZKF-SYVU-895D-7VJ8,15,15,5877.409026,4156,250,240,0,user_exit,verified_full_clear
main-b028-p1-isrv2-q4,28,4,ISRV2,1158,854093365709948495,G57P-W5GF-HYDP-GAJS,12,12,6574.169212,3950,298,285,1,user_exit,verified_full_clear
main-b029-p1-isrv2-q4,29,4,ISRV2,1159,7491419139774674131,A9TT-GKSM-NQGH-6WNP,10,10,6394.519162,3504,319,308,1,user_exit,verified_full_clear
main-b030-p1-isrv2-q4,30,4,ISRV2,1160,4981560329778791746,6BCU-HJQB-DWEZ-JZ4H,12,12,7523.245249,4968,325,311,0,user_exit,verified_full_clear
