scenario,mode,seed,coverage,sources,success,cleared,virtual_time_s,distance_m,solver_failures,optical_fallbacks
cluster,3,98000,S25,11,True,11,3134.3608464433687,12326.804232216846,0,0
cluster,3,98000,S21,11,True,11,3134.3608464433687,12326.804232216846,0,0
cluster,3,98001,S25,12,True,12,2705.4359604287865,10147.17980214393,0,0
cluster,3,98001,S21,12,True,12,2705.4359604287865,10147.17980214393,0,0
cluster,3,98002,S25,15,True,15,2638.766215285415,10073.831076427074,0,0
cluster,3,98002,S21,15,True,15,2638.766215285415,10073.831076427074,0,0
cluster,3,98003,S25,12,True,12,2787.97057080867,10724.852854043347,0,0
cluster,3,98003,S21,12,True,12,2787.97057080867,10724.852854043347,0,0
cluster,3,98004,S25,10,True,10,2965.5433121818305,11387.716560909148,0,0
cluster,3,98004,S21,10,True,10,2965.5433121818305,11387.716560909148,0,0
cluster,3,98005,S25,15,True,15,3017.2505867088225,12046.252933544112,0,0
cluster,3,98005,S21,15,True,15,3017.2505867088225,12046.252933544112,0,0
cluster,3,98006,S25,15,True,15,2797.674610660279,11048.373053301397,0,0
cluster,3,98006,S21,15,True,15,2797.674610660279,11048.373053301397,0,0
cluster,3,98007,S25,12,True,12,2829.221423164221,10766.1071158211,0,0
cluster,3,98007,S21,12,True,12,2829.221423164221,10766.1071158211,0,0
cluster,3,98008,S25,14,True,14,2758.079958735681,10510.399793678405,0,0
cluster,3,98008,S21,14,True,14,2758.079958735681,10510.399793678405,0,0
cluster,3,98009,S25,13,True,13,3039.914505285187,11739.572526425938,0,0
cluster,3,98009,S21,13,True,13,3039.914505285187,11739.572526425938,0,0
cluster,3,98010,S25,10,True,10,2939.4824610930214,11167.412305465112,0,0
cluster,3,98010,S21,10,True,10,2939.4824610930214,11167.412305465112,0,0
cluster,3,98011,S25,16,True,16,1686.648251244228,6238.241256221138,0,0
cluster,3,98011,S21,16,True,16,1686.648251244228,6238.241256221138,0,0
cluster,3,98012,S25,13,True,13,3309.809231327841,13249.046156639211,0,0
cluster,3,98012,S21,13,True,13,3309.809231327841,13249.046156639211,0,0
cluster,3,98013,S25,12,True,12,2677.1511047153413,10195.755523576701,0,0
cluster,3,98013,S21,12,True,12,2677.1511047153413,10195.755523576701,0,0
cluster,3,98014,S25,12,True,12,2823.1508456280603,10590.754228140306,0,0
cluster,3,98014,S21,12,True,12,2823.1508456280603,10590.754228140306,0,0
cluster,3,98015,S25,11,True,11,3000.0314500362897,11640.15725018145,0,0
cluster,3,98015,S21,11,True,11,3000.0314500362897,11640.15725018145,0,0
cluster,3,98016,S25,12,True,12,2783.828651897905,10514.143259489521,0,0
cluster,3,98016,S21,12,True,12,2783.828651897905,10514.143259489521,0,0
cluster,3,98017,S25,13,True,13,2983.7543331680026,11458.771665840017,0,0
cluster,3,98017,S21,13,True,13,2983.7543331680026,11458.771665840017,0,0
cluster,3,98018,S25,11,True,11,3137.960025518131,12279.800127590655,0,0
cluster,3,98018,S21,11,True,11,3137.960025518131,12279.800127590655,0,0
cluster,3,98019,S25,13,True,13,2915.6270497063697,11323.13524853185,0,0
cluster,3,98019,S21,13,True,13,2915.6270497063697,11323.13524853185,0,0
cluster,4,98000,S25,11,True,11,6111.203911182651,21536.01955591326,0,0
cluster,4,98000,S21,11,True,11,5887.117905743455,22055.58952871726,0,0
cluster,4,98001,S25,12,True,12,6064.10008706119,22295.50043530595,0,0
cluster,4,98001,S21,12,True,12,5896.645397240053,22733.22698620026,0,0
cluster,4,98002,S25,15,True,15,5741.283822899071,22946.419114495355,0,0
cluster,4,98002,S21,15,True,15,5694.939759170555,22729.698795852764,0,0
cluster,4,98003,S25,12,True,12,6054.214150832211,22511.070754161054,0,0
cluster,4,98003,S21,12,True,12,5774.122532081078,21865.61266040539,0,0
cluster,4,98004,S25,10,True,10,6123.6587316660625,20958.29365833032,0,0
cluster,4,98004,S21,10,True,10,6054.127255128158,22495.636275640798,0,0
cluster,4,98005,S25,15,True,15,6230.300277593327,24251.50138796665,0,0
cluster,4,98005,S21,15,True,15,6053.186279014391,23950.93139507195,0,0
cluster,4,98006,S25,15,True,15,5997.397604840446,23071.988024202215,0,0
cluster,4,98006,S21,15,True,15,5718.447362951123,22977.23681475561,0,0
cluster,4,98007,S25,12,True,12,5948.035126711064,21230.175633555315,0,0
cluster,4,98007,S21,12,True,12,5991.050542976371,22720.25271488185,0,0
cluster,4,98008,S25,14,True,14,5849.391029433567,22426.95514716783,0,0
cluster,4,98008,S21,14,True,14,5885.398005059755,23271.99002529877,0,0
cluster,4,98009,S25,13,True,13,6082.319624328646,22666.598121643234,0,0
cluster,4,98009,S21,13,True,13,5678.106903358597,21195.534516792985,0,0
cluster,4,98010,S25,10,True,10,6245.891286158612,22469.456430793063,0,0
cluster,4,98010,S21,10,True,10,6050.919268287034,22734.596341435168,0,0
cluster,4,98011,S25,16,True,16,2319.6743263302,8888.371631651,0,0
cluster,4,98011,S21,16,True,16,2793.243216394376,10686.21608197188,0,0
cluster,4,98012,S25,13,True,13,6155.536201900185,23397.681009500928,0,0
cluster,4,98012,S21,13,True,13,5899.21694243333,22996.084712166652,0,0
cluster,4,98013,S25,12,True,12,6025.968854220929,21924.844271104645,0,0
cluster,4,98013,S21,12,True,12,5691.324702464648,20971.623512323218,0,0
cluster,4,98014,S25,12,True,12,6010.42681138354,22502.13405691771,0,0
cluster,4,98014,S21,12,True,12,5828.762179134457,22518.81089567228,0,0
cluster,4,98015,S25,11,True,11,6097.682275444584,21968.411377222925,0,0
cluster,4,98015,S21,11,True,11,5925.175568722043,22680.877843610215,0,0
cluster,4,98016,S25,12,True,12,6022.325050469612,22356.625252348065,0,0
cluster,4,98016,S21,12,True,12,5750.015550718552,22070.077753592755,0,0
cluster,4,98017,S25,13,True,13,5953.782722041283,22503.913610206415,0,0
cluster,4,98017,S21,13,True,13,5622.920796582578,22004.603982912893,0,0
cluster,4,98018,S25,11,True,11,6235.944461970977,22434.72230985488,0,0
cluster,4,98018,S21,11,True,11,5980.247740999988,22216.238704999938,0,0
cluster,4,98019,S25,13,True,13,5734.154306934492,21830.771534672447,0,0
cluster,4,98019,S21,13,True,13,5586.2441833438215,22066.220916719118,0,0
edge,3,98000,S25,11,True,11,4518.664715419727,18228.323577098643,0,0
edge,3,98000,S21,11,True,11,4518.664715419727,18228.323577098643,0,0
edge,3,98001,S25,12,True,12,4916.306221595274,20096.531107976374,0,0
edge,3,98001,S21,12,True,12,4916.306221595274,20096.531107976374,0,0
edge,3,98002,S25,15,True,15,4791.0453249186085,19475.226624593048,0,0
edge,3,98002,S21,15,True,15,4791.0453249186085,19475.226624593048,0,0
edge,3,98003,S25,12,True,12,4594.859496607616,18614.29748303808,0,0
edge,3,98003,S21,12,True,12,4594.859496607616,18614.29748303808,0,0
edge,3,98004,S25,10,True,10,4802.699302419247,19523.496512096237,0,0
edge,3,98004,S21,10,True,10,4802.699302419247,19523.496512096237,0,0
edge,3,98005,S25,15,True,15,4872.080211552278,19935.401057761403,0,0
edge,3,98005,S21,15,True,15,4872.080211552278,19935.401057761403,0,0
edge,3,98006,S25,15,True,15,4657.962076854374,19169.810384271877,0,0
edge,3,98006,S21,15,True,15,4657.962076854374,19169.810384271877,0,0
edge,3,98007,S25,12,True,12,4590.837304337899,18694.18652168949,0,0
edge,3,98007,S21,12,True,12,4590.837304337899,18694.18652168949,0,0
edge,3,98008,S25,14,True,14,4311.0897350171745,17635.44867508588,0,0
edge,3,98008,S21,14,True,14,4311.0897350171745,17635.44867508588,0,0
edge,3,98009,S25,13,True,13,4755.424872654698,19542.124363273506,0,0
edge,3,98009,S21,13,True,13,4755.424872654698,19542.124363273506,0,0
edge,3,98010,S25,10,True,10,4232.313712536489,16726.56856268245,0,0
edge,3,98010,S21,10,True,10,4232.313712536489,16726.56856268245,0,0
edge,3,98011,S25,16,True,16,4922.574836615973,20297.87418307987,0,0
edge,3,98011,S21,16,True,16,4922.574836615973,20297.87418307987,0,0
edge,3,98012,S25,13,True,13,4977.561363717651,20292.806818588255,0,0
edge,3,98012,S21,13,True,13,4977.561363717651,20292.806818588255,0,0
edge,3,98013,S25,12,True,12,4616.592734302246,18812.963671511232,0,0
edge,3,98013,S21,12,True,12,4616.592734302246,18812.963671511232,0,0
edge,3,98014,S25,12,True,12,4580.265712355348,18421.32856177675,0,0
edge,3,98014,S21,12,True,12,4580.265712355348,18421.32856177675,0,0
edge,3,98015,S25,11,True,11,4332.951994356412,17144.759971782063,0,0
edge,3,98015,S21,11,True,11,4332.951994356412,17144.759971782063,0,0
edge,3,98016,S25,12,True,12,4762.981147780441,19694.905738902216,0,0
edge,3,98016,S21,12,True,12,4762.981147780441,19694.905738902216,0,0
edge,3,98017,S25,13,True,13,4677.317854466058,19196.589272330293,0,0
edge,3,98017,S21,13,True,13,4677.317854466058,19196.589272330293,0,0
edge,3,98018,S25,11,True,11,4941.545116189663,20392.725580948303,0,0
edge,3,98018,S21,11,True,11,4941.545116189663,20392.725580948303,0,0
edge,3,98019,S25,13,True,13,4622.550184441735,18772.75092220867,0,0
edge,3,98019,S21,13,True,13,4622.550184441735,18772.75092220867,0,0
edge,4,98000,S25,11,True,11,9478.559987551236,32882.7999377562,0,0
edge,4,98000,S21,11,True,11,9387.77469892797,34353.87349463986,0,0
edge,4,98001,S25,12,True,12,9252.337297052638,31676.68648526321,0,0
edge,4,98001,S21,12,True,12,9471.819839926096,34204.09919963049,0,0
edge,4,98002,S25,15,True,15,10218.895981022393,36599.47990511198,0,0
edge,4,98002,S21,15,True,15,10223.107570437642,38985.537852188216,0,0
edge,4,98003,S25,12,True,12,8999.023211041787,30405.116055208957,0,0
edge,4,98003,S21,12,True,12,8453.519559144861,30342.597795724316,0,0
edge,4,98004,S25,10,True,10,9455.017575983358,32610.08787991684,0,0
edge,4,98004,S21,10,True,10,8689.687494474674,31088.43747237338,0,0
edge,4,98005,S25,15,True,15,9485.19116926736,33560.95584633679,0,0
edge,4,98005,S21,15,True,15,9496.538784609254,35422.69392304626,0,0
edge,4,98006,S25,15,True,15,9383.536479630162,32427.68239815083,0,0
edge,4,98006,S21,15,True,15,8797.905109092595,31294.525545462988,0,0
edge,4,98007,S25,12,True,12,9927.908852035926,34469.54426017961,0,0
edge,4,98007,S21,12,True,12,9276.618186356172,33453.090931780855,0,0
edge,4,98008,S25,14,True,14,9658.895059590144,33894.475297950725,0,0
edge,4,98008,S21,14,True,14,8519.861920668172,31004.30960334086,0,0
edge,4,98009,S25,13,True,13,9429.613021032437,33153.065105162204,0,0
edge,4,98009,S21,13,True,13,8960.707843129314,32438.53921564657,0,0
edge,4,98010,S25,10,True,10,9243.357455505702,31746.78727752853,0,0
edge,4,98010,S21,10,True,10,8986.47223839852,32232.36119199261,0,0
edge,4,98011,S25,16,True,16,9394.01509364948,32820.07546824741,0,0
edge,4,98011,S21,16,True,16,8619.263287047253,31726.31643523626,0,0
edge,4,98012,S25,13,True,13,9326.657691684188,32203.288458420964,0,0
edge,4,98012,S21,13,True,13,8723.731535300378,31608.657676501887,0,0
edge,4,98013,S25,12,True,12,9487.907946887017,32174.539734435068,0,0
edge,4,98013,S21,12,True,12,9273.977228337817,33254.88614168907,0,0
edge,4,98014,S25,12,True,12,8967.778637697485,30713.893188487444,0,0
edge,4,98014,S21,12,True,12,8209.974359848906,29469.87179924452,0,0
edge,4,98015,S25,11,True,11,8486.26854456561,28461.34272282805,0,0
edge,4,98015,S21,11,True,11,8232.702416945156,29473.51208472578,0,0
edge,4,98016,S25,12,True,12,9362.22262088412,32321.113104420612,0,0
edge,4,98016,S21,12,True,12,8960.81328019247,32344.066400962354,0,0
edge,4,98017,S25,13,True,13,9030.42244910447,30617.11224552237,0,0
edge,4,98017,S21,13,True,13,8978.585067479986,32727.925337399935,0,0
edge,4,98018,S25,11,True,11,9114.630987418852,30803.154937094256,0,0
edge,4,98018,S21,11,True,11,9092.493546442245,32812.46773221124,0,0
edge,4,98019,S25,13,True,13,9450.310173357015,32621.55086678504,0,0
edge,4,98019,S21,13,True,13,8563.74010311582,31178.70051557911,0,0
minradius,3,98000,S25,11,True,11,4348.880508144278,17829.402540721396,0,0
minradius,3,98000,S21,11,True,11,4348.880508144278,17829.402540721396,0,0
minradius,3,98001,S25,12,True,12,4476.962437025838,18284.812185129194,0,0
minradius,3,98001,S21,12,True,12,4476.962437025838,18284.812185129194,0,0
minradius,3,98002,S25,15,True,15,5428.764198047584,23018.820990237917,0,0
minradius,3,98002,S21,15,True,15,5428.764198047584,23018.820990237917,0,0
minradius,3,98003,S25,12,True,12,4723.681178924206,19703.40589462102,0,0
minradius,3,98003,S21,12,True,12,4723.681178924206,19703.40589462102,0,0
minradius,3,98004,S25,10,True,10,4137.797748644056,16643.98874322028,0,0
minradius,3,98004,S21,10,True,10,4137.797748644056,16643.98874322028,0,0
minradius,3,98005,S25,15,True,15,4718.864616983098,19589.323084915486,0,0
minradius,3,98005,S21,15,True,15,4718.864616983098,19589.323084915486,0,0
minradius,3,98006,S25,15,True,15,4393.478264821805,18352.391324109023,0,0
minradius,3,98006,S21,15,True,15,4393.478264821805,18352.391324109023,0,0
minradius,3,98007,S25,12,True,12,4650.877681643523,19044.388408217616,0,0
minradius,3,98007,S21,12,True,12,4650.877681643523,19044.388408217616,0,0
minradius,3,98008,S25,14,True,14,4894.608464741601,20743.042323708007,0,0
minradius,3,98008,S21,14,True,14,4894.608464741601,20743.042323708007,0,0
minradius,3,98009,S25,13,True,13,4065.63513605065,16643.17568025325,0,0
minradius,3,98009,S21,13,True,13,4065.63513605065,16643.17568025325,0,0
minradius,3,98010,S25,10,True,10,3904.443872359017,15592.21936179509,0,0
minradius,3,98010,S21,10,True,10,3904.443872359017,15592.21936179509,0,0
minradius,3,98011,S25,16,True,16,4526.801744197729,19199.008720988644,0,0
minradius,3,98011,S21,16,True,16,4526.801744197729,19199.008720988644,0,0
minradius,3,98012,S25,13,True,13,4658.12191317038,19265.609565851897,0,0
minradius,3,98012,S21,13,True,13,4658.12191317038,19265.609565851897,0,0
minradius,3,98013,S25,12,True,12,4292.199375925342,17600.996879626706,0,0
minradius,3,98013,S21,12,True,12,4292.199375925342,17600.996879626706,0,0
minradius,3,98014,S25,12,True,12,4858.153383221228,19930.766916106146,0,0
minradius,3,98014,S21,12,True,12,4858.153383221228,19930.766916106146,0,0
minradius,3,98015,S25,11,True,11,4282.410354296402,17287.05177148201,0,0
minradius,3,98015,S21,11,True,11,4282.410354296402,17287.05177148201,0,0
minradius,3,98016,S25,12,True,12,4381.644992294064,18218.22496147033,0,0
minradius,3,98016,S21,12,True,12,4381.644992294064,18218.22496147033,0,0
minradius,3,98017,S25,13,True,13,4652.306854606903,19221.53427303451,0,0
minradius,3,98017,S21,13,True,13,4652.306854606903,19221.53427303451,0,0
minradius,3,98018,S25,11,True,11,4336.308421981324,17801.542109906608,0,0
minradius,3,98018,S21,11,True,11,4336.308421981324,17801.542109906608,0,0
minradius,3,98019,S25,13,True,13,4368.264318624915,17896.321593124583,0,0
minradius,3,98019,S21,13,True,13,4368.264318624915,17896.321593124583,0,0
minradius,4,98000,S25,11,True,11,7077.539980115723,26057.699900578613,0,0
minradius,4,98000,S21,11,True,11,6737.830940568064,25559.154702840326,0,0
minradius,4,98001,S25,12,True,12,7871.494427926387,28597.472139631926,0,0
minradius,4,98001,S21,12,True,12,7381.19585093423,28115.979254671143,0,0
minradius,4,98002,S25,15,True,15,7407.419407649216,27962.097038246076,0,0
minradius,4,98002,S21,15,True,15,7105.9812279157695,28319.906139578863,0,0
minradius,4,98003,S25,12,True,12,7022.711212243988,25693.55606121995,0,0
minradius,4,98003,S21,12,True,12,7234.952719382478,28079.763596912377,0,0
minradius,4,98004,S25,10,True,10,7789.788746565168,27743.943732825843,0,0
minradius,4,98004,S21,10,True,10,8092.036442458095,30555.182212290463,0,0
minradius,4,98005,S25,15,True,15,7448.7017582865965,29683.50879143299,0,0
minradius,4,98005,S21,15,True,15,7637.297755730708,31191.48877865352,0,0
minradius,4,98006,S25,15,True,15,7649.0090431832095,29590.045215916038,0,0
minradius,4,98006,S21,15,True,15,7024.477552391339,28062.3877619567,0,0
minradius,4,98007,S25,12,True,12,7370.2930336422205,27216.465168211078,0,0
minradius,4,98007,S21,12,True,12,6960.959119930096,26839.795599650464,0,0
minradius,4,98008,S25,14,True,14,7580.597647911492,29292.98823955746,0,0
minradius,4,98008,S21,14,True,14,7264.957817304864,28929.789086524328,0,0
minradius,4,98009,S25,13,True,13,6984.061773253449,25260.30886626725,0,0
minradius,4,98009,S21,13,True,13,6484.9497488801035,25819.748744400506,0,0
minradius,4,98010,S25,10,True,10,7091.88033417823,25589.401670891144,0,0
minradius,4,98010,S21,10,True,10,6809.020058481262,25345.10029240631,0,0
minradius,4,98011,S25,16,True,16,5966.710892178743,23188.55446089372,0,0
minradius,4,98011,S21,16,True,16,5212.153452560034,20745.76726280016,0,0
minradius,4,98012,S25,13,True,13,7253.427897418636,27767.13948709319,0,0
minradius,4,98012,S21,13,True,13,6850.656318347894,27263.28159173946,0,0
minradius,4,98013,S25,12,True,12,8165.173650910624,29595.868254553126,0,0
minradius,4,98013,S21,12,True,12,8127.129467301777,30975.647336508882,0,0
minradius,4,98014,S25,12,True,12,6328.511134489597,22902.555672447994,0,0
minradius,4,98014,S21,12,True,12,6865.568987477341,26467.84493738671,0,0
minradius,4,98015,S25,11,True,11,7175.872919563168,25714.364597815846,0,0
minradius,4,98015,S21,11,True,11,6575.818734178127,24374.093670890627,0,0
minradius,4,98016,S25,12,True,12,7851.770254311794,28583.851271558964,0,0
minradius,4,98016,S21,12,True,12,8209.565471884676,31227.827359423394,0,0
minradius,4,98017,S25,13,True,13,7299.076959108393,28695.384795541962,0,0
minradius,4,98017,S21,13,True,13,6741.595167781854,26772.97583890927,0,0
minradius,4,98018,S25,11,True,11,6361.464328667584,22977.32164333792,0,0
minradius,4,98018,S21,11,True,11,6118.235217058342,23016.1760852917,0,0
minradius,4,98019,S25,13,True,13,6686.70332085646,24433.516604282286,0,0
minradius,4,98019,S21,13,True,13,6376.9870398871535,24514.935199435768,0,0
outward,3,98000,S25,11,True,11,4118.476643635294,16647.383218176474,0,0
outward,3,98000,S21,11,True,11,4118.476643635294,16647.383218176474,0,0
outward,3,98001,S25,12,True,12,4127.356875459473,16991.784377297357,0,0
outward,3,98001,S21,12,True,12,4127.356875459473,16991.784377297357,0,0
outward,3,98002,S25,15,True,15,4049.861481512508,16989.307407562545,0,0
outward,3,98002,S21,15,True,15,4049.861481512508,16989.307407562545,0,0
outward,3,98003,S25,12,True,12,4426.18354432441,18575.91772162205,0,0
outward,3,98003,S21,12,True,12,4426.18354432441,18575.91772162205,0,0
outward,3,98004,S25,10,True,10,3867.314691637734,15621.573458188666,0,0
outward,3,98004,S21,10,True,10,3867.314691637734,15621.573458188666,0,0
outward,3,98005,S25,15,True,15,4481.856394262471,18754.281971312357,0,0
outward,3,98005,S21,15,True,15,4481.856394262471,18754.281971312357,0,0
outward,3,98006,S25,15,True,15,4172.874925170862,17284.374625854318,0,0
outward,3,98006,S21,15,True,15,4172.874925170862,17284.374625854318,0,0
outward,3,98007,S25,12,True,12,4017.608240602321,16418.041203011606,0,0
outward,3,98007,S21,12,True,12,4017.608240602321,16418.041203011606,0,0
outward,3,98008,S25,14,True,14,4399.809777660188,18549.048888300942,0,0
outward,3,98008,S21,14,True,14,4399.809777660188,18549.048888300942,0,0
outward,3,98009,S25,13,True,13,3907.3460103126595,15961.7300515633,0,0
outward,3,98009,S21,13,True,13,3907.3460103126595,15961.7300515633,0,0
outward,3,98010,S25,10,True,10,4094.2892018044336,16511.44600902217,0,0
outward,3,98010,S21,10,True,10,4094.2892018044336,16511.44600902217,0,0
outward,3,98011,S25,16,True,16,5005.8820482046995,21759.41024102348,0,0
outward,3,98011,S21,16,True,16,5005.8820482046995,21759.41024102348,0,0
outward,3,98012,S25,13,True,13,4356.005196204014,18155.025981020073,0,0
outward,3,98012,S21,13,True,13,4356.005196204014,18155.025981020073,0,0
outward,3,98013,S25,12,True,12,4367.8181082152905,18114.090541076446,0,0
outward,3,98013,S21,12,True,12,4367.8181082152905,18114.090541076446,0,0
outward,3,98014,S25,12,True,12,4161.640931006642,17013.204655033212,0,0
outward,3,98014,S21,12,True,12,4161.640931006642,17013.204655033212,0,0
outward,3,98015,S25,11,True,11,3932.7183013336135,15993.59150666806,0,0
outward,3,98015,S21,11,True,11,3932.7183013336135,15993.59150666806,0,0
outward,3,98016,S25,12,True,12,4410.005724699743,18210.028623498718,0,0
outward,3,98016,S21,12,True,12,4410.005724699743,18210.028623498718,0,0
outward,3,98017,S25,13,True,13,4247.830518529763,17609.15259264882,0,0
outward,3,98017,S21,13,True,13,4247.830518529763,17609.15259264882,0,0
outward,3,98018,S25,11,True,11,4102.155186321409,16890.775931607048,0,0
outward,3,98018,S21,11,True,11,4102.155186321409,16890.775931607048,0,0
outward,3,98019,S25,13,True,13,4670.674114531821,19758.370572659107,0,0
outward,3,98019,S21,13,True,13,4670.674114531821,19758.370572659107,0,0
outward,4,98000,S25,11,True,11,8111.527976216929,27957.63988108465,0,0
outward,4,98000,S21,11,True,11,7784.865906017322,28174.329530086616,0,0
outward,4,98001,S25,12,True,12,8874.899723586916,31069.498617934605,0,0
outward,4,98001,S21,12,True,12,8123.397211543579,29951.986057717895,0,0
outward,4,98002,S25,15,True,15,8611.12057289378,31045.602864468914,0,0
outward,4,98002,S21,15,True,15,8700.362788042068,32656.813940210337,0,0
outward,4,98003,S25,12,True,12,8302.86327930197,28704.31639650986,0,0
outward,4,98003,S21,12,True,12,7910.2528289547545,28566.26414477376,0,0
outward,4,98004,S25,10,True,10,7725.7259603608245,26813.62980180413,0,0
outward,4,98004,S21,10,True,10,7283.755202625726,26338.77601312862,0,0
outward,4,98005,S25,15,True,15,8555.93835314779,29919.69176573895,0,0
outward,4,98005,S21,15,True,15,8193.567743133908,30277.838715669564,0,0
outward,4,98006,S25,15,True,15,7824.891785788625,28114.458928943135,0,0
outward,4,98006,S21,15,True,15,7295.968746199317,27219.843730996585,0,0
outward,4,98007,S25,12,True,12,7396.210386619822,25421.051933099094,0,0
outward,4,98007,S21,12,True,12,7033.257180541152,25591.285902705753,0,0
outward,4,98008,S25,14,True,14,8065.353329758642,27871.76664879321,0,0
outward,4,98008,S21,14,True,14,7955.313683877967,29671.568419389827,0,0
outward,4,98009,S25,13,True,13,8375.979541817933,30099.897709089673,0,0
outward,4,98009,S21,13,True,13,7995.394588347215,29826.97294173607,0,0
outward,4,98010,S25,10,True,10,8712.112094821327,30195.560474106627,0,0
outward,4,98010,S21,10,True,10,8250.601935121693,30183.00967560846,0,0
outward,4,98011,S25,16,True,16,7459.460803808989,27792.30401904497,0,0
outward,4,98011,S21,16,True,16,7638.009603182233,29395.048015911154,0,0
outward,4,98012,S25,13,True,13,7683.644331408271,27188.221657041355,0,0
outward,4,98012,S21,13,True,13,7394.526856006542,27252.634280032707,0,0
outward,4,98013,S25,12,True,12,8585.966190129404,30229.830950647025,0,0
outward,4,98013,S21,12,True,12,8017.576584939245,29797.88292469622,0,0
outward,4,98014,S25,12,True,12,7957.155386631399,27555.776933157,0,0
outward,4,98014,S21,12,True,12,7589.855717367411,28164.27858683704,0,0
outward,4,98015,S25,11,True,11,8088.473995113853,27992.36997556925,0,0
outward,4,98015,S21,11,True,11,7879.62135739423,28968.106786971148,0,0
outward,4,98016,S25,12,True,12,8622.561481680012,29802.807408400084,0,0
outward,4,98016,S21,12,True,12,8064.066702870112,29015.33351435056,0,0
outward,4,98017,S25,13,True,13,8387.69192430622,29078.45962153111,0,0
outward,4,98017,S21,13,True,13,7590.004770441199,27090.023852206003,0,0
outward,4,98018,S25,11,True,11,8205.519969300316,27902.599846501584,0,0
outward,4,98018,S21,11,True,11,8725.175069069208,32660.875345346038,0,0
outward,4,98019,S25,13,True,13,8545.745898796851,30498.729493984265,0,0
outward,4,98019,S21,13,True,13,7675.457953401854,27907.289767009268,0,0
