kind,mode,seed,method,variant,coverage,success,cleared,virtual_time_s,distance_m,measure_calls,switches,clear_calls,failed_clear,solver_failures,optical_fallbacks,extra_measurements,macro_steps,sources
uniform,3,97000,A0,G25OR,S25,True,13,4794.823927181492,20859.119635907457,95,83,13,0,0,0,0,48,13
uniform,3,97000,G25O,G25OR,S25,True,13,4203.550555211316,17682.752776056583,101,97,13,0,0,0,34,,13
uniform,3,97001,A0,G25OR,S25,True,12,5557.339053980817,24431.695269904092,104,91,12,0,0,0,0,49,12
uniform,3,97001,G25O,G25OR,S25,True,12,4072.2668735858542,17061.33436792927,101,95,12,0,0,0,27,,12
uniform,3,97002,A0,G25OR,S25,True,12,6009.001837211064,24900.009186055424,109,94,122,110,0,1,0,49,12
uniform,3,97002,G25O,G25OR,S25,True,12,4107.837502256921,17059.187511284603,106,103,13,1,0,0,27,,12
uniform,3,97003,A0,G25OR,S25,True,12,6641.119059480197,28065.59529740108,113,97,114,102,0,1,0,50,12
uniform,3,97003,G25O,G25OR,S25,True,12,4437.434453980676,18632.17226990339,110,101,12,0,0,0,28,,12
uniform,3,97004,A0,G25OR,S25,True,10,4809.5638872344925,20247.81943617247,121,105,10,0,0,0,0,42,10
uniform,3,97004,G25O,G25OR,S25,True,10,4040.813441624285,16409.067208121425,119,114,10,0,0,0,23,,10
uniform,3,97005,A0,G25OR,S25,True,13,5435.034127169265,23475.17063584633,116,95,13,0,0,0,0,57,13
uniform,3,97005,G25O,G25OR,S25,True,13,4413.174362808975,18535.87181404488,107,106,13,0,0,0,28,,13
uniform,3,97006,A0,G25OR,S25,True,12,5196.19103058008,22105.955152900387,122,105,12,0,0,0,0,46,12
uniform,3,97006,G25O,G25OR,S25,True,12,3894.5583454958187,15652.791727479098,119,109,12,0,0,0,24,,12
uniform,3,97007,A0,G25OR,S25,True,12,5829.545267273915,25437.726336369586,116,102,12,0,0,0,0,49,12
uniform,3,97007,G25O,G25OR,S25,True,12,4615.216039839557,19281.080199197782,118,109,12,0,0,0,32,,12
uniform,3,97008,A0,G25OR,S25,True,16,6716.686110728591,28638.430553643055,101,86,122,106,0,1,0,61,16
uniform,3,97008,G25O,G25OR,S25,True,16,3831.556742375468,15967.783711877339,94,88,16,0,0,0,35,,16
uniform,3,97009,A0,G25OR,S25,True,11,4829.314179369515,20581.570896847585,112,98,11,0,0,0,0,49,11
uniform,3,97009,G25O,G25OR,S25,True,11,3598.423481176232,14517.11740588116,107,105,11,0,0,0,26,,11
uniform,3,97010,A0,G25OR,S25,True,11,4975.31166855589,21271.558342779445,114,96,11,0,0,0,0,42,11
uniform,3,97010,G25O,G25OR,S25,True,11,4121.406268148576,16862.03134074288,116,114,11,0,0,0,26,,11
uniform,3,97011,A0,G25OR,S25,True,13,5432.047697017479,23460.23848508741,115,100,13,0,0,0,0,51,13
uniform,3,97011,G25O,G25OR,S25,True,13,4564.405908657633,19057.029543288172,115,113,13,0,0,0,31,,13
uniform,3,97012,A0,G25OR,S25,True,12,5213.734722526414,22433.673612632072,114,97,12,0,0,0,0,48,12
uniform,3,97012,G25O,G25OR,S25,True,12,3908.3139151610703,15806.569575805353,115,112,12,0,0,0,30,,12
uniform,3,97013,A0,G25OR,S25,True,16,6131.150311444175,27205.751557220876,105,85,16,0,0,0,0,60,16
uniform,3,97013,G25O,G25OR,S25,True,16,4349.935569590096,18074.677847950476,109,107,17,1,0,0,41,,16
uniform,3,97014,A0,G25OR,S25,True,10,4594.785830624712,19293.92915312356,116,106,10,0,0,0,0,47,10
uniform,3,97014,G25O,G25OR,S25,True,10,3518.065530674763,13930.327653373823,114,112,10,0,0,0,28,,10
uniform,3,97015,A0,G25OR,S25,True,11,4813.692236835847,20228.461184179236,121,108,11,0,0,0,0,38,11
uniform,3,97015,G25O,G25OR,S25,True,11,4452.492956454305,18262.464782271527,125,120,11,0,0,0,24,,11
uniform,3,97016,A0,G25OR,S25,True,12,5246.88353761297,22519.417688064856,116,103,12,0,0,0,0,42,12
uniform,3,97016,G25O,G25OR,S25,True,12,4604.716446811307,19083.58223405653,123,113,12,0,0,0,30,,12
uniform,3,97017,A0,G25OR,S25,True,15,5767.270926004918,25611.35463002459,97,85,15,0,0,0,0,52,15
uniform,3,97017,G25O,G25OR,S25,True,15,4531.5472204473135,19252.73610223657,102,96,15,0,0,0,35,,15
uniform,3,97018,A0,G25OR,S25,True,12,4950.691372911534,21428.45686455767,103,90,12,0,0,0,0,45,12
uniform,3,97018,G25O,G25OR,S25,True,12,4292.322941647331,17911.614708236666,109,105,12,0,0,0,32,,12
uniform,3,97019,A0,G25OR,S25,True,10,4718.777253766864,19768.88626883433,122,105,10,0,0,0,0,43,10
uniform,3,97019,G25O,G25OR,S25,True,10,3704.736935883548,14703.684679417744,120,114,10,0,0,0,24,,10
uniform,3,97020,A0,G25OR,S25,True,15,5690.757387634746,24838.786938173726,111,93,15,0,0,0,0,55,15
uniform,3,97020,G25O,G25OR,S25,True,15,4321.113243079548,17900.566215397736,112,106,15,0,0,0,34,,15
uniform,3,97021,A0,G25OR,S25,True,10,4959.765324477162,21113.8266223858,117,102,10,0,0,0,0,42,10
uniform,3,97021,G25O,G25OR,S25,True,10,4155.116634131355,17075.58317065678,116,110,10,0,0,0,24,,10
uniform,3,97022,A0,G25OR,S25,True,10,4535.984070738585,18774.920353692927,124,111,10,0,0,0,0,38,10
uniform,3,97022,G25O,G25OR,S25,True,10,3908.573951831763,15467.869759158812,129,120,10,0,0,0,26,,10
uniform,3,97023,A0,G25OR,S25,True,14,5299.886916741917,23184.434583709593,101,88,14,0,0,0,0,47,14
uniform,3,97023,G25O,G25OR,S25,True,14,4559.353603089368,19251.76801544684,108,99,14,0,0,0,33,,14
uniform,3,97024,A0,G25OR,S25,True,12,5320.420756798957,23182.1037839948,107,89,12,0,0,0,0,47,12
uniform,3,97024,G25O,G25OR,S25,True,12,4237.514660891325,17692.573304456626,108,99,12,0,0,0,29,,12
uniform,3,97025,A0,G25OR,S25,True,16,6246.242194501831,27331.210972509165,119,105,16,0,0,0,0,68,16
uniform,3,97025,G25O,G25OR,S25,True,16,4787.589566098258,20217.9478304913,113,99,16,0,0,0,43,,16
uniform,3,97026,A0,G25OR,S25,True,16,6898.6684427102655,29458.342213551416,107,92,116,100,0,1,0,59,16
uniform,3,97026,G25O,G25OR,S25,True,16,4116.0772500220655,17100.386250110318,104,96,16,0,0,0,37,,16
uniform,3,97027,A0,G25OR,S25,True,14,5357.842583965874,23154.21291982938,112,97,14,0,0,0,0,53,14
uniform,3,97027,G25O,G25OR,S25,True,14,4294.7671911187645,17728.835955593822,114,109,14,0,0,0,34,,14
uniform,3,97028,A0,G25OR,S25,True,12,5724.540207446219,24602.70103723108,127,109,12,0,0,0,0,51,12
uniform,3,97028,G25O,G25OR,S25,True,12,4076.9036679441765,16479.518339720882,121,116,12,0,0,0,26,,12
uniform,3,97029,A0,G25OR,S25,True,12,5466.53409750723,23112.670487536165,134,114,12,0,0,0,0,51,12
uniform,3,97029,G25O,G25OR,S25,True,12,4191.803364284611,16864.016821423058,128,119,12,0,0,0,26,,12
uniform,3,97030,A0,G25OR,S25,True,10,4953.121806031268,21205.609030156334,113,97,10,0,0,0,0,40,10
uniform,3,97030,G25O,G25OR,S25,True,10,3629.3060243913774,14576.530121956885,111,109,10,0,0,0,21,,10
uniform,3,97031,A0,G25OR,S25,True,14,7028.495862768543,29742.479313842825,113,97,130,116,0,1,0,58,14
uniform,3,97031,G25O,G25OR,S25,True,14,4051.1997057202775,16710.99852860139,107,104,14,0,0,0,31,,14
uniform,3,97032,A0,G25OR,S25,True,14,4898.094228279026,21165.471141395123,101,90,14,0,0,0,0,53,14
uniform,3,97032,G25O,G25OR,S25,True,14,3761.038614158393,15320.193070791964,105,99,15,1,0,0,36,,14
uniform,3,97033,A0,G25OR,S25,True,14,5708.221971227046,24991.10985613523,109,95,14,0,0,0,0,46,14
uniform,3,97033,G25O,G25OR,S25,True,14,4646.614486501852,19458.07243250927,114,112,15,1,0,0,30,,14
uniform,3,97034,A0,G25OR,S25,True,15,5530.55659978853,24177.782998942654,106,90,15,0,0,0,0,59,15
uniform,3,97034,G25O,G25OR,S25,True,15,4195.615772428195,17343.07886214098,109,107,15,0,0,0,40,,15
uniform,3,97035,A0,G25OR,S25,True,15,5230.741761560745,22498.708807803738,112,96,15,0,0,0,0,53,15
uniform,3,97035,G25O,G25OR,S25,True,15,4349.100978136163,17795.50489068081,120,115,15,0,0,0,39,,15
uniform,3,97036,A0,G25OR,S25,True,15,5680.256336807389,25266.28168403694,94,82,15,0,0,0,0,53,15
uniform,3,97036,G25O,G25OR,S25,True,15,4984.277487075577,21636.387435377877,98,92,15,0,0,0,35,,15
uniform,3,97037,A0,G25OR,S25,True,12,5592.664970834627,24458.32485417314,110,91,12,0,0,0,0,51,12
uniform,3,97037,G25O,G25OR,S25,True,12,4300.042673818508,18015.213369092544,107,102,12,0,0,0,29,,12
uniform,3,97038,A0,G25OR,S25,True,11,4694.603111198761,20093.015555993807,106,91,11,0,0,0,0,45,11
uniform,3,97038,G25O,G25OR,S25,True,11,3884.897377689512,15964.486888447564,107,102,11,0,0,0,28,,11
uniform,3,97039,A0,G25OR,S25,True,15,6062.438945140346,26902.19472570173,103,92,15,0,0,0,0,55,15
uniform,3,97039,G25O,G25OR,S25,True,15,4008.3960829820608,16471.980414910297,107,104,15,0,0,0,37,,15
uniform,3,97040,A0,G25OR,S25,True,11,4920.570916073128,21092.85458036564,110,97,11,0,0,0,0,39,11
uniform,3,97040,G25O,G25OR,S25,True,11,4176.144231364912,17150.721156824562,116,111,11,0,0,0,27,,11
uniform,3,97041,A0,G25OR,S25,True,15,5675.909795724601,24614.548978623014,115,103,15,0,0,0,0,59,15
uniform,3,97041,G25O,G25OR,S25,True,15,4464.514066289204,18537.57033144602,115,107,15,0,0,0,37,,15
uniform,3,97042,A0,G25OR,S25,True,13,5567.639776715009,24198.19888357503,114,93,13,0,0,0,0,58,13
uniform,3,97042,G25O,G25OR,S25,True,13,3610.7454356123176,14598.727178061587,105,101,13,0,0,0,29,,13
uniform,3,97043,A0,G25OR,S25,True,16,5436.019128798159,23755.09564399079,103,90,16,0,0,0,0,59,16
uniform,3,97043,G25O,G25OR,S25,True,16,4413.0089697218555,18425.044848609265,108,102,18,2,0,0,41,,16
uniform,3,97044,A0,G25OR,S25,True,12,6478.454995706086,26972.274978530524,121,107,116,104,0,1,0,54,12
uniform,3,97044,G25O,G25OR,S25,True,12,3877.7497509603522,15668.74875480176,115,109,12,0,0,0,29,,12
uniform,3,97045,A0,G25OR,S25,True,14,5398.737930169175,23258.689650845874,115,102,14,0,0,0,0,58,14
uniform,3,97045,G25O,G25OR,S25,True,14,4024.3155147305893,16546.57757365294,108,105,14,0,0,0,30,,14
uniform,3,97046,A0,G25OR,S25,True,11,4894.43613652222,20942.18068261109,111,96,11,0,0,0,0,45,11
uniform,3,97046,G25O,G25OR,S25,True,11,3478.5393373826555,13677.696686913278,115,113,11,0,0,0,31,,11
uniform,3,97047,A0,G25OR,S25,True,14,5191.5509355060385,22652.754677530185,101,86,14,0,0,0,0,49,14
uniform,3,97047,G25O,G25OR,S25,True,14,4467.3956092537255,18681.97804626863,111,106,14,0,0,0,38,,14
uniform,3,97048,A0,G25OR,S25,True,16,6342.72061635499,28018.60308177494,113,94,16,0,0,0,0,72,16
uniform,3,97048,G25O,G25OR,S25,True,16,3960.791944426231,16578.95972213116,95,90,16,0,0,0,35,,16
uniform,3,97049,A0,G25OR,S25,True,10,4773.959937190437,20149.79968595218,118,104,10,0,0,0,0,40,10
uniform,3,97049,G25O,G25OR,S25,True,10,3944.6701932955893,16003.350966477949,116,114,10,0,0,0,21,,10
uniform,4,97000,A0,G25OR,S25,True,13,13675.00417134274,55845.02085671362,389,328,69,56,0,1,0,96,13
uniform,4,97000,G25O,G25OR,S25,True,13,6733.312017635859,25076.560088179296,278,263,13,0,0,0,42,,13
uniform,4,97001,A0,G25OR,S25,True,12,11186.028553709244,45455.1427685462,346,305,12,0,0,0,0,83,12
uniform,4,97001,G25O,G25OR,S25,True,12,7136.875546829909,26254.377734149555,306,296,12,0,0,0,36,,12
uniform,4,97002,A0,G25OR,S25,True,12,15906.445859311763,64287.22929655863,419,354,192,180,0,2,0,92,12
uniform,4,97002,G25O,G25OR,S25,True,12,7572.37932280592,28011.896614029607,320,310,12,0,0,0,39,,12
uniform,4,97003,A0,G25OR,S25,True,12,12323.603978048022,51318.019890240066,329,289,34,22,0,1,0,89,12
uniform,4,97003,G25O,G25OR,S25,True,12,7168.343199648084,27611.71599824042,266,256,12,0,0,0,43,,12
uniform,4,97004,A0,G25OR,S25,True,10,14036.527208949728,55142.636044748455,415,367,182,172,0,2,0,72,10
uniform,4,97004,G25O,G25OR,S25,True,10,7487.081863778603,26895.40931889302,345,333,10,0,0,0,28,,10
uniform,4,97005,A0,G25OR,S25,True,13,13113.087804106402,54740.43902053197,336,288,57,44,0,2,0,85,13
uniform,4,97005,G25O,G25OR,S25,True,13,7563.272673986703,28811.363369933508,291,281,13,0,0,0,38,,13
uniform,4,97006,A0,G25OR,S25,True,12,13725.582724375283,55202.91362187635,428,377,48,36,0,1,0,83,12
uniform,4,97006,G25O,G25OR,S25,True,12,7551.6428642330175,27713.21432116507,327,314,12,0,0,0,48,,12
uniform,4,97007,A0,G25OR,S25,True,12,13573.655030044813,54673.27515022394,372,329,142,130,0,2,0,82,12
uniform,4,97007,G25O,G25OR,S25,True,12,7475.489448760063,27557.447243800303,320,304,12,0,0,0,42,,12
uniform,4,97008,A0,G25OR,S25,True,16,14796.665208378974,62638.32604189467,280,225,204,188,0,2,0,102,16
uniform,4,97008,G25O,G25OR,S25,True,16,5890.85558387189,23414.277919359454,189,183,16,0,0,0,48,,16
uniform,4,97009,A0,G25OR,S25,True,11,11986.553178533106,47872.765892665535,401,352,11,0,0,0,0,76,11
uniform,4,97009,G25O,G25OR,S25,True,11,7554.066693409938,27580.3334670497,332,323,11,0,0,0,45,,11
uniform,4,97010,A0,G25OR,S25,True,11,13885.210140556217,54931.05070278089,397,349,181,170,0,3,0,78,11
uniform,4,97010,G25O,G25OR,S25,True,11,7260.995071116295,25844.975355581464,341,332,11,0,0,0,36,,11
uniform,4,97011,A0,G25OR,S25,True,13,14456.011427766776,58335.05713883369,376,328,185,172,0,2,0,82,13
uniform,4,97011,G25O,G25OR,S25,True,13,7476.421509263305,28222.10754631654,296,287,13,0,0,0,53,,13
uniform,4,97012,A0,G25OR,S25,True,12,11250.491382076301,46272.456910381494,329,291,12,0,0,0,0,71,12
uniform,4,97012,G25O,G25OR,S25,True,12,6792.315690459277,25686.578452296395,268,255,12,0,0,0,35,,12
uniform,4,97013,A0,G25OR,S25,True,16,14150.834904454849,60809.17452227402,213,166,242,226,0,3,0,97,16
uniform,4,97013,G25O,G25OR,S25,True,16,5462.874192161235,21574.370960806173,179,173,16,0,0,0,42,,16
uniform,4,97014,A0,G25OR,S25,True,10,13091.854896630577,50154.274483152716,444,401,140,130,0,2,0,76,10
uniform,4,97014,G25O,G25OR,S25,True,10,7545.679559499654,26823.397797498277,357,346,10,0,0,0,37,,10
uniform,4,97015,A0,G25OR,S25,True,11,11735.694506663287,47318.47253331642,377,332,11,0,0,0,0,74,11
uniform,4,97015,G25O,G25OR,S25,True,11,7286.42931365642,26117.1465682821,337,323,11,0,0,0,33,,11
uniform,4,97016,A0,G25OR,S25,True,12,13150.39457658764,52281.97288293807,382,337,141,129,0,2,0,79,12
uniform,4,97016,G25O,G25OR,S25,True,12,6853.100089702863,25055.50044851432,298,292,12,0,0,0,36,,12
uniform,4,97017,A0,G25OR,S25,True,15,13880.575272366807,57747.87636183387,326,272,133,118,0,1,0,99,15
uniform,4,97017,G25O,G25OR,S25,True,15,7433.5515497760625,29152.757748880296,256,248,15,0,0,0,49,,15
uniform,4,97018,A0,G25OR,S25,True,12,13759.625553450865,54423.12776725421,434,378,101,89,0,1,0,82,12
uniform,4,97018,G25O,G25OR,S25,True,12,7746.411651398695,27787.058256993474,358,339,12,0,0,0,46,,12
uniform,4,97019,A0,G25OR,S25,True,10,13561.983894120225,52634.91947060094,422,374,177,167,0,2,0,75,10
uniform,4,97019,G25O,G25OR,S25,True,10,7128.5276057492265,25487.63802874612,332,321,10,0,0,0,30,,10
uniform,4,97020,A0,G25OR,S25,True,15,13777.478872552621,58332.394362763,317,265,77,62,0,3,0,92,15
uniform,4,97020,G25O,G25OR,S25,True,15,6996.647543322567,27513.237716612824,238,229,15,0,0,0,47,,15
uniform,4,97021,A0,G25OR,S25,True,10,12600.152183006894,49655.76091503438,389,344,120,110,0,1,0,72,10
uniform,4,97021,G25O,G25OR,S25,True,10,6828.455788858464,23862.278944292324,336,326,10,0,0,0,33,,10
uniform,4,97022,A0,G25OR,S25,True,10,12638.302992644065,49996.51496322024,396,348,97,87,0,1,0,72,10
uniform,4,97022,G25O,G25OR,S25,True,10,7098.3149975285205,25356.5749876426,331,322,10,0,0,0,33,,10
uniform,4,97023,A0,G25OR,S25,True,14,11982.331533986022,48246.65766993011,385,338,14,0,0,0,0,84,14
uniform,4,97023,G25O,G25OR,S25,True,14,7595.977732367116,28114.888661835565,320,303,14,0,0,0,46,,14
uniform,4,97024,A0,G25OR,S25,True,12,15172.221764985039,61681.10882492499,393,325,174,162,0,3,0,96,12
uniform,4,97024,G25O,G25OR,S25,True,12,7777.709557652014,29598.547788260068,301,293,12,0,0,0,44,,12
uniform,4,97025,A0,G25OR,S25,True,16,11831.56510545321,51332.82552726607,255,210,16,0,0,0,0,89,16
uniform,4,97025,G25O,G25OR,S25,True,16,4144.21444807919,16041.072240395955,146,126,16,0,0,0,55,,16
uniform,4,97026,A0,G25OR,S25,True,16,14973.333233866964,62126.66616933464,326,277,203,187,0,2,0,108,16
uniform,4,97026,G25O,G25OR,S25,True,16,5696.886609522109,21979.433047610542,207,186,16,0,0,0,60,,16
uniform,4,97027,A0,G25OR,S25,True,14,13584.56276226843,55502.81381134201,345,299,144,130,0,2,0,87,14
uniform,4,97027,G25O,G25OR,S25,True,14,7410.0544721300175,27795.272360650088,299,286,14,0,0,0,47,,14
uniform,4,97028,A0,G25OR,S25,True,12,12456.247053539482,49201.235267697324,394,346,92,80,0,1,0,74,12
uniform,4,97028,G25O,G25OR,S25,True,12,7429.648749450791,27468.243747253964,314,306,12,0,0,0,36,,12
uniform,4,97029,A0,G25OR,S25,True,12,12872.030777664839,52400.15388832417,384,334,38,26,0,1,0,79,12
uniform,4,97029,G25O,G25OR,S25,True,12,7760.095824175245,29245.47912087622,311,296,12,0,0,0,53,,12
uniform,4,97030,A0,G25OR,S25,True,10,13631.654223103294,52688.2711155163,429,383,182,172,0,2,0,79,10
uniform,4,97030,G25O,G25OR,S25,True,10,6858.407764769747,24472.03882384875,320,314,10,0,0,0,40,,10
uniform,4,97031,A0,G25OR,S25,True,14,13400.447072577143,55067.23536288558,333,286,136,122,0,2,0,93,14
uniform,4,97031,G25O,G25OR,S25,True,14,6942.364086472316,26591.820432361583,260,251,15,1,0,0,46,,14
uniform,4,97032,A0,G25OR,S25,True,14,15633.71928684538,63653.596434226645,351,298,274,260,0,3,0,95,14
uniform,4,97032,G25O,G25OR,S25,True,14,7001.111483104218,26255.55741552109,281,275,14,0,0,0,50,,14
uniform,4,97033,A0,G25OR,S25,True,14,14559.233259024755,59341.1662951235,315,266,274,260,0,3,0,91,14
uniform,4,97033,G25O,G25OR,S25,True,14,6770.858374436895,25719.291872184473,262,247,14,0,0,0,44,,14
uniform,4,97034,A0,G25OR,S25,True,15,14853.21688346295,62066.08441731461,346,287,131,116,0,2,0,107,15
uniform,4,97034,G25O,G25OR,S25,True,15,7118.864497096121,27064.3224854806,273,266,15,0,0,0,53,,15
uniform,4,97035,A0,G25OR,S25,True,15,11695.650500971708,49873.252504858545,281,241,15,0,0,0,0,84,15
uniform,4,97035,G25O,G25OR,S25,True,15,7087.777492981916,28228.887464909578,230,217,15,0,0,0,47,,15
uniform,4,97036,A0,G25OR,S25,True,15,13963.789831948874,57413.949159744254,343,295,147,132,0,2,0,89,15
uniform,4,97036,G25O,G25OR,S25,True,15,6668.660005173562,26098.300025867822,230,224,15,0,0,0,44,,15
uniform,4,97037,A0,G25OR,S25,True,12,12113.491863914664,49137.45931957321,332,293,103,91,0,1,0,70,12
uniform,4,97037,G25O,G25OR,S25,True,12,6591.907450790302,24609.53725395152,271,255,12,0,0,0,30,,12
uniform,4,97038,A0,G25OR,S25,True,11,17972.24754685177,71316.23773425793,417,357,415,404,0,4,0,90,11
uniform,4,97038,G25O,G25OR,S25,True,11,7703.258135941683,27336.290679708418,365,356,11,0,0,0,41,,11
uniform,4,97039,A0,G25OR,S25,True,15,13785.072088610628,58560.36044305303,295,247,107,92,0,1,0,90,15
uniform,4,97039,G25O,G25OR,S25,True,15,7091.971613492012,26814.85806746006,277,269,15,0,0,0,56,,15
uniform,4,97040,A0,G25OR,S25,True,11,13089.200666625291,51861.00333312625,346,308,219,208,0,2,0,72,11
uniform,4,97040,G25O,G25OR,S25,True,11,6549.66573369672,23163.328668483606,311,307,11,0,0,0,39,,11
uniform,4,97041,A0,G25OR,S25,True,15,12032.94648056884,51569.73240284417,282,234,15,0,0,0,0,90,15
uniform,4,97041,G25O,G25OR,S25,True,15,7053.071741026139,28175.358705130708,225,218,15,0,0,0,48,,15
uniform,4,97042,A0,G25OR,S25,True,13,13844.057502886675,56445.28751443328,364,316,131,118,0,2,0,87,13
uniform,4,97042,G25O,G25OR,S25,True,13,7249.005897817883,27175.029489089422,294,279,13,0,0,0,44,,13
uniform,4,97043,A0,G25OR,S25,True,16,15897.731097183523,66238.6554859173,284,232,322,306,0,4,0,106,16
uniform,4,97043,G25O,G25OR,S25,True,16,6124.0329506036705,23615.164753018355,222,211,16,0,0,0,59,,16
uniform,4,97044,A0,G25OR,S25,True,12,17032.57399912839,67697.86999564133,388,326,401,389,0,5,0,97,12
uniform,4,97044,G25O,G25OR,S25,True,12,7380.356582038474,27276.782910192367,312,305,12,0,0,0,50,,12
uniform,4,97045,A0,G25OR,S25,True,14,12056.464361967925,50627.32180983953,281,234,88,74,0,1,0,88,14
uniform,4,97045,G25O,G25OR,S25,True,14,6779.183421868358,26680.917109341794,231,218,14,0,0,0,43,,14
uniform,4,97046,A0,G25OR,S25,True,11,13722.359195944635,53751.79597972297,393,349,212,201,0,2,0,76,11
uniform,4,97046,G25O,G25OR,S25,True,11,7038.04712244803,25320.23561224013,322,309,11,0,0,0,37,,11
uniform,4,97047,A0,G25OR,S25,True,14,12796.956338125976,52754.781690629854,356,312,42,28,0,1,0,87,14
uniform,4,97047,G25O,G25OR,S25,True,14,6877.977374321314,26294.886871606566,260,249,14,0,0,0,38,,14
uniform,4,97048,A0,G25OR,S25,True,16,12442.761032072176,53793.80516036085,264,218,38,22,0,1,0,90,16
uniform,4,97048,G25O,G25OR,S25,True,16,5139.808949467796,20294.04474733898,169,156,16,0,0,0,58,,16
uniform,4,97049,A0,G25OR,S25,True,10,12870.792193024663,51408.96096512323,384,343,102,92,0,1,0,70,10
uniform,4,97049,G25O,G25OR,S25,True,10,7164.3192876263665,26356.596438131834,309,298,10,0,0,0,32,,10
edge,3,97000,A0,G25OR,S25,True,13,5159.4241667320275,21657.12083366014,129,118,13,0,0,0,0,46,13
edge,3,97000,G25O,G25OR,S25,True,13,4829.998732086529,19684.993660432647,141,123,13,0,0,0,38,,13
edge,3,97001,A0,G25OR,S25,True,12,5011.264650871071,21036.323254355357,126,114,12,0,0,0,0,38,12
edge,3,97001,G25O,G25OR,S25,True,12,4453.35120260079,17981.756013003953,135,122,12,0,0,0,28,,12
edge,3,97002,A0,G25OR,S25,True,12,4964.648141587557,20573.240707937784,134,120,12,0,0,0,0,41,12
edge,3,97002,G25O,G25OR,S25,True,12,4850.251209431964,19781.256047159826,142,124,12,0,0,0,30,,12
edge,3,97003,A0,G25OR,S25,True,12,5082.613445801313,21088.067229006556,136,125,12,0,0,0,0,37,12
edge,3,97003,G25O,G25OR,S25,True,12,4301.18075461085,16940.903773054255,145,128,12,0,0,0,27,,12
edge,3,97004,A0,G25OR,S25,True,10,4648.396743084187,19196.983715420934,128,119,10,0,0,0,0,34,10
edge,3,97004,G25O,G25OR,S25,True,10,4200.78663904192,16848.933195209604,132,121,10,0,0,0,21,,10
edge,3,97005,A0,G25OR,S25,True,13,4764.076870715664,19915.384353578316,121,111,13,0,0,0,0,41,13
edge,3,97005,G25O,G25OR,S25,True,13,4847.053799773333,20025.268998866664,133,112,13,0,0,0,33,,13
edge,3,97006,A0,G25OR,S25,True,12,4892.565941134797,20517.82970567398,123,114,12,0,0,0,0,36,12
edge,3,97006,G25O,G25OR,S25,True,12,4486.673280694357,18333.366403471784,129,115,12,0,0,0,23,,12
edge,3,97007,A0,G25OR,S25,True,12,4587.671569218342,19423.357846091705,109,98,12,0,0,0,0,38,12
edge,3,97007,G25O,G25OR,S25,True,12,4268.937709120244,17494.688545601224,121,105,12,0,0,0,31,,12
edge,3,97008,A0,G25OR,S25,True,16,5299.943634567216,22214.718172836077,131,122,16,0,0,0,0,49,16
edge,3,97008,G25O,G25OR,S25,True,16,4927.088837958796,20035.44418979398,144,120,16,0,0,0,39,,16
edge,3,97009,A0,G25OR,S25,True,11,4926.32442424977,20626.622121248856,126,116,11,0,0,0,0,34,11
edge,3,97009,G25O,G25OR,S25,True,11,4363.780701987729,17623.903509938656,133,119,11,0,0,0,23,,11
edge,3,97010,A0,G25OR,S25,True,11,4964.352891528416,20891.764457642083,124,111,11,0,0,0,0,39,11
edge,3,97010,G25O,G25OR,S25,True,11,4599.977156255384,18869.885781276924,131,116,11,0,0,0,28,,11
edge,3,97011,A0,G25OR,S25,True,13,4990.369406957292,20511.847034786464,139,128,13,0,0,0,0,44,13
edge,3,97011,G25O,G25OR,S25,True,13,4685.314479435321,18816.572397176613,146,127,13,0,0,0,31,,13
edge,3,97012,A0,G25OR,S25,True,12,4810.058333166315,20055.291665831577,125,114,12,0,0,0,0,37,12
edge,3,97012,G25O,G25OR,S25,True,12,4623.320957686198,18811.60478843099,136,121,12,0,0,0,29,,12
edge,3,97013,A0,G25OR,S25,True,16,4874.972523708731,20704.862618543655,110,104,16,0,0,0,0,40,16
edge,3,97013,G25O,G25OR,S25,True,16,4720.853040432486,19409.265202162434,130,109,16,0,0,0,37,,16
edge,3,97014,A0,G25OR,S25,True,10,4216.035199973977,17445.17599986989,114,107,10,0,0,0,0,30,10
edge,3,97014,G25O,G25OR,S25,True,10,4270.254707147049,17396.27353573525,126,111,10,0,0,0,25,,10
edge,3,97015,A0,G25OR,S25,True,11,4902.400349923552,20272.001749617753,134,123,11,0,0,0,0,33,11
edge,3,97015,G25O,G25OR,S25,True,11,4619.5027251661495,18632.513625830736,142,128,11,0,0,0,23,,11
edge,3,97016,A0,G25OR,S25,True,12,5009.288640415584,20886.443202077924,131,117,12,0,0,0,0,42,12
edge,3,97016,G25O,G25OR,S25,True,12,4593.30742692707,18666.537134635353,137,115,12,0,0,0,29,,12
edge,3,97017,A0,G25OR,S25,True,15,5294.664262594012,22458.321312970056,123,113,15,0,0,0,0,46,15
edge,3,97017,G25O,G25OR,S25,True,15,4924.574838701198,20277.87419350599,136,114,15,0,0,0,37,,15
edge,3,97018,A0,G25OR,S25,True,12,5047.951293383004,21119.756466915023,129,119,12,0,0,0,0,40,12
edge,3,97018,G25O,G25OR,S25,True,12,4759.697097003356,19478.485485016783,137,119,12,0,0,0,29,,12
edge,3,97019,A0,G25OR,S25,True,10,4705.499966972357,19472.499834861785,129,116,10,0,0,0,0,33,10
edge,3,97019,G25O,G25OR,S25,True,10,4434.84339289209,17914.21696446046,136,122,10,0,0,0,23,,10
edge,3,97020,A0,G25OR,S25,True,15,5325.585003985369,22632.92501992685,122,114,15,0,0,0,0,43,15
edge,3,97020,G25O,G25OR,S25,True,15,5173.933076307818,21424.6653815391,140,114,15,0,0,0,39,,15
edge,3,97021,A0,G25OR,S25,True,10,4862.765684485066,20148.828422425333,132,123,10,0,0,0,0,33,10
edge,3,97021,G25O,G25OR,S25,True,10,4571.407800875143,18482.039004375718,140,125,10,0,0,0,24,,10
edge,3,97022,A0,G25OR,S25,True,10,4847.396387801899,19981.98193900949,135,126,10,0,0,0,0,35,10
edge,3,97022,G25O,G25OR,S25,True,10,4455.6441629096435,17793.22081454822,144,127,10,0,0,0,27,,10
edge,3,97023,A0,G25OR,S25,True,14,5418.971369377923,22949.856846889612,129,114,14,0,0,0,0,49,14
edge,3,97023,G25O,G25OR,S25,True,14,4904.280014372963,20181.400071864817,136,118,14,0,0,0,35,,14
edge,3,97024,A0,G25OR,S25,True,12,5027.739016749759,21308.695083748797,120,106,12,0,0,0,0,39,12
edge,3,97024,G25O,G25OR,S25,True,12,4303.354822262646,17471.77411131323,127,114,12,0,0,0,27,,12
edge,3,97025,A0,G25OR,S25,True,16,5148.914963640295,21939.574818201472,115,106,16,0,0,0,0,46,16
edge,3,97025,G25O,G25OR,S25,True,16,4351.683242096898,17638.416210484484,127,109,16,0,0,0,39,,16
edge,3,97026,A0,G25OR,S25,True,16,5144.229596583257,21756.147982916285,121,108,16,0,0,0,0,50,16
edge,3,97026,G25O,G25OR,S25,True,16,5029.600327103849,20728.001635519246,138,114,16,0,0,0,44,,16
edge,3,97027,A0,G25OR,S25,True,14,5575.452589264753,23892.26294632377,123,112,14,0,0,0,0,43,14
edge,3,97027,G25O,G25OR,S25,True,14,4647.103535712456,18975.517678562286,133,117,14,0,0,0,32,,14
edge,3,97028,A0,G25OR,S25,True,12,4527.948464876732,18519.742324383657,129,119,12,0,0,0,0,35,12
edge,3,97028,G25O,G25OR,S25,True,12,4528.061231299682,18170.306156498405,142,124,12,0,0,0,29,,12
edge,3,97029,A0,G25OR,S25,True,12,4929.561558473465,20387.807792367323,134,122,12,0,0,0,0,41,12
edge,3,97029,G25O,G25OR,S25,True,12,4236.380135270177,16801.900676350884,139,121,12,0,0,0,27,,12
edge,3,97030,A0,G25OR,S25,True,10,4670.498926711388,19377.49463355694,126,115,10,0,0,0,0,36,10
edge,3,97030,G25O,G25OR,S25,True,10,4186.786474102092,16878.93237051046,129,116,10,0,0,0,22,,10
edge,3,97031,A0,G25OR,S25,True,14,5042.009429083891,21050.047145419463,129,117,14,0,0,0,0,44,14
edge,3,97031,G25O,G25OR,S25,True,14,5096.165513691238,20945.827568456196,143,122,14,0,0,0,37,,14
edge,3,97032,A0,G25OR,S25,True,14,5106.030033567722,21720.15016783861,117,107,14,0,0,0,0,45,14
edge,3,97032,G25O,G25OR,S25,True,14,4635.268816447759,19071.344082238793,128,111,14,0,0,0,35,,14
edge,3,97033,A0,G25OR,S25,True,14,5219.956569635081,21839.782848175404,132,122,14,0,0,0,0,42,14
edge,3,97033,G25O,G25OR,S25,True,14,4765.152951900863,19320.764759504316,141,126,14,0,0,0,30,,14
edge,3,97034,A0,G25OR,S25,True,15,5390.626169009878,22873.130845049396,125,116,15,0,0,0,0,46,15
edge,3,97034,G25O,G25OR,S25,True,15,5168.279570832614,21306.397854163064,142,122,15,0,0,0,41,,15
edge,3,97035,A0,G25OR,S25,True,15,5291.284442257642,22336.422211288198,127,114,15,0,0,0,0,48,15
edge,3,97035,G25O,G25OR,S25,True,15,4896.483783849704,20087.41891924851,137,119,15,0,0,0,36,,15
edge,3,97036,A0,G25OR,S25,True,15,5520.675847542671,23858.37923771336,114,104,15,0,0,0,0,48,15
edge,3,97036,G25O,G25OR,S25,True,15,4240.742920177144,17218.714600885705,123,107,15,0,0,0,35,,15
edge,3,97037,A0,G25OR,S25,True,12,4528.768862365738,18513.844311828696,130,116,12,0,0,0,0,42,12
edge,3,97037,G25O,G25OR,S25,True,12,4317.579363029945,17322.896815149725,135,118,12,0,0,0,28,,12
edge,3,97038,A0,G25OR,S25,True,11,4447.1603143346265,18360.80157167314,122,110,11,0,0,0,0,38,11
edge,3,97038,G25O,G25OR,S25,True,11,4158.6534709948155,16723.26735497408,129,114,11,0,0,0,27,,11
edge,3,97039,A0,G25OR,S25,True,15,5564.546530949556,23897.73265474778,120,110,15,0,0,0,0,46,15
edge,3,97039,G25O,G25OR,S25,True,15,4294.467381458415,17282.33690729207,130,113,15,0,0,0,34,,15
edge,3,97040,A0,G25OR,S25,True,11,4695.071666235528,19340.358331177642,130,122,11,0,0,0,0,34,11
edge,3,97040,G25O,G25OR,S25,True,11,4482.193256103551,17940.966280517743,143,124,11,0,0,0,29,,11
edge,3,97041,A0,G25OR,S25,True,15,5287.209334146587,22276.046670732932,128,117,15,0,0,0,0,44,15
edge,3,97041,G25O,G25OR,S25,True,15,4930.534296309576,20147.67148154787,141,121,15,0,0,0,35,,15
edge,3,97042,A0,G25OR,S25,True,13,5277.591336487513,22172.95668243756,132,118,13,0,0,0,0,43,13
edge,3,97042,G25O,G25OR,S25,True,13,4563.394395618117,18406.971978090587,138,127,13,0,0,0,29,,13
edge,3,97043,A0,G25OR,S25,True,16,5668.982704802145,23979.913524010728,134,123,16,0,0,0,0,48,16
edge,3,97043,G25O,G25OR,S25,True,16,5229.461497343299,21402.307486716483,148,129,16,0,0,0,39,,16
edge,3,97044,A0,G25OR,S25,True,12,4961.645441841607,21043.22720920804,117,108,12,0,0,0,0,36,12
edge,3,97044,G25O,G25OR,S25,True,12,4500.119574326802,18400.597871634018,129,115,12,0,0,0,29,,12
edge,3,97045,A0,G25OR,S25,True,14,5322.153023862523,22385.765119312622,131,120,14,0,0,0,0,43,14
edge,3,97045,G25O,G25OR,S25,True,14,4742.5416071949785,19237.70803597489,141,120,14,0,0,0,32,,14
edge,3,97046,A0,G25OR,S25,True,11,4857.38295414333,20456.914770716656,120,111,11,0,0,0,0,33,11
edge,3,97046,G25O,G25OR,S25,True,11,4672.892169612373,19139.460848061874,135,115,11,0,0,0,30,,11
edge,3,97047,A0,G25OR,S25,True,14,4879.028658760484,20760.143293802423,111,102,14,0,0,0,0,39,14
edge,3,97047,G25O,G25OR,S25,True,14,4824.1485134868235,20040.742567434132,128,106,14,0,0,0,35,,14
edge,3,97048,A0,G25OR,S25,True,16,5303.934901930237,22499.674509651177,123,109,16,0,0,0,0,46,16
edge,3,97048,G25O,G25OR,S25,True,16,5205.319102010997,21556.595510054984,139,119,16,0,0,0,39,,16
edge,3,97049,A0,G25OR,S25,True,10,4749.877450054278,19734.387250271393,127,118,10,0,0,0,0,35,10
edge,3,97049,G25O,G25OR,S25,True,10,4315.7971125810445,17453.985562905218,131,120,10,0,0,0,22,,10
edge,4,97000,A0,G25OR,S25,True,13,12540.51673200919,48112.58366004591,457,412,65,52,0,1,0,80,13
edge,4,97000,G25O,G25OR,S25,True,13,8664.10221937628,29060.511096881404,471,432,13,0,0,0,46,,13
edge,4,97001,A0,G25OR,S25,True,12,14531.45241453011,57117.26207265043,491,431,66,54,0,3,0,86,12
edge,4,97001,G25O,G25OR,S25,True,12,9214.24010668901,31446.20053344506,486,435,12,0,0,0,59,,12
edge,4,97002,A0,G25OR,S25,True,12,15159.950550014984,59374.752750074804,500,443,106,94,0,3,0,89,12
edge,4,97002,G25O,G25OR,S25,True,12,9572.208613788793,32696.04306894394,505,448,12,0,0,0,59,,12
edge,4,97003,A0,G25OR,S25,True,12,13805.300099384793,53866.5004969239,490,438,40,28,0,2,0,83,12
edge,4,97003,G25O,G25OR,S25,True,12,8911.219171161742,29711.095855808708,493,444,12,0,0,0,51,,12
edge,4,97004,A0,G25OR,S25,True,10,11932.284595250225,44456.422976251095,505,466,10,0,0,0,0,67,10
edge,4,97004,G25O,G25OR,S25,True,10,8963.09573586575,30380.47867932875,480,437,10,0,0,0,46,,10
edge,4,97005,A0,G25OR,S25,True,13,13765.93647056327,55354.682352816315,422,376,61,48,0,3,0,94,13
edge,4,97005,G25O,G25OR,S25,True,13,9071.102219141852,31430.51109570926,462,410,13,0,0,0,63,,13
edge,4,97006,A0,G25OR,S25,True,12,14942.596938655819,58362.98469327898,508,454,84,72,0,4,0,94,12
edge,4,97006,G25O,G25OR,S25,True,12,9234.128697763015,31555.643488815098,487,428,12,0,0,0,64,,12
edge,4,97007,A0,G25OR,S25,True,12,16412.215364008003,64736.07682003978,488,434,189,177,0,5,0,98,12
edge,4,97007,G25O,G25OR,S25,True,12,8958.079330678796,30805.396653393986,466,407,12,0,0,0,59,,12
edge,4,97008,A0,G25OR,S25,True,16,14439.626254814819,58398.13127407399,436,386,54,38,0,2,0,96,16
edge,4,97008,G25O,G25OR,S25,True,16,9890.795623062153,34138.97811531078,508,443,16,0,0,0,78,,16
edge,4,97009,A0,G25OR,S25,True,11,15131.960148050694,59574.80074025334,482,434,117,106,0,3,0,86,11
edge,4,97009,G25O,G25OR,S25,True,11,9052.856432150029,31114.282160750143,470,425,11,0,0,0,47,,11
edge,4,97010,A0,G25OR,S25,True,11,13676.790498944845,51673.9524947241,515,472,91,80,0,1,0,75,11
edge,4,97010,G25O,G25OR,S25,True,11,9220.581641921213,31422.90820960606,490,431,11,0,0,0,55,,11
edge,4,97011,A0,G25OR,S25,True,13,13084.114020791088,51450.57010395543,451,408,35,22,0,1,0,80,13
edge,4,97011,G25O,G25OR,S25,True,13,9343.191219124594,31850.956095622965,494,438,13,0,0,0,61,,13
edge,4,97012,A0,G25OR,S25,True,12,14026.586300851402,53807.93150425691,500,453,96,84,0,2,0,81,12
edge,4,97012,G25O,G25OR,S25,True,12,8882.285901317835,30121.429506589167,473,433,12,0,0,0,45,,12
edge,4,97013,A0,G25OR,S25,True,16,14276.95326952007,58139.766347600234,399,346,92,76,0,4,0,103,16
edge,4,97013,G25O,G25OR,S25,True,16,9511.839725476266,33524.19862738137,465,402,16,0,0,0,79,,16
edge,4,97014,A0,G25OR,S25,True,10,12918.536789764821,48217.683948824044,513,468,74,64,0,1,0,73,10
edge,4,97014,G25O,G25OR,S25,True,10,9140.487346968172,31502.436734840863,473,425,10,0,0,0,53,,10
edge,4,97015,A0,G25OR,S25,True,11,13982.411521553131,54907.05760776551,443,389,125,114,0,3,0,80,11
edge,4,97015,G25O,G25OR,S25,True,11,9212.25123879979,31241.256193998972,494,439,11,0,0,0,55,,11
edge,4,97016,A0,G25OR,S25,True,12,13257.518724118221,50312.59362059106,516,465,42,30,0,2,0,83,12
edge,4,97016,G25O,G25OR,S25,True,12,9728.974302937135,33094.87151468566,519,455,12,0,0,0,63,,12
edge,4,97017,A0,G25OR,S25,True,15,15502.417675248413,63637.08837624193,418,358,99,84,0,3,0,98,15
edge,4,97017,G25O,G25OR,S25,True,15,10373.986704432235,37579.93352216114,477,398,15,0,0,0,86,,15
edge,4,97018,A0,G25OR,S25,True,12,13579.670234048022,51938.35117024005,513,459,48,36,0,2,0,91,12
edge,4,97018,G25O,G25OR,S25,True,12,9029.842724100592,30559.213620502956,485,433,12,0,0,0,57,,12
edge,4,97019,A0,G25OR,S25,True,10,12927.479757825697,48742.398789128405,497,452,74,64,0,1,0,71,10
edge,4,97019,G25O,G25OR,S25,True,10,8989.80748214802,30539.037410740097,479,437,10,0,0,0,48,,10
edge,4,97020,A0,G25OR,S25,True,15,15236.826515288423,62069.13257644198,423,363,105,90,0,4,0,106,15
edge,4,97020,G25O,G25OR,S25,True,15,9668.805223796819,33519.02611898412,493,425,15,0,0,0,80,,15
edge,4,97021,A0,G25OR,S25,True,10,13278.97303008009,51459.86515040037,476,431,52,42,0,2,0,76,10
edge,4,97021,G25O,G25OR,S25,True,10,9979.171605815332,34800.85802907667,506,439,10,0,0,0,70,,10
edge,4,97022,A0,G25OR,S25,True,10,14009.477286871139,55302.38643435564,468,421,56,46,0,3,0,76,10
edge,4,97022,G25O,G25OR,S25,True,10,9767.379289324612,33611.89644662305,510,445,10,0,0,0,62,,10
edge,4,97023,A0,G25OR,S25,True,14,12209.903493189204,47489.517465946,448,402,14,0,0,0,0,79,14
edge,4,97023,G25O,G25OR,S25,True,14,9814.33692554846,34471.684627742325,487,415,14,0,0,0,81,,14
edge,4,97024,A0,G25OR,S25,True,12,12682.53078539476,49487.65392697373,446,399,44,32,0,2,0,86,12
edge,4,97024,G25O,G25OR,S25,True,12,8520.534981997695,29102.67490998846,447,405,12,0,0,0,49,,12
edge,4,97025,A0,G25OR,S25,True,16,15279.593873715845,61387.96936857913,453,399,102,86,0,3,0,104,16
edge,4,97025,G25O,G25OR,S25,True,16,9799.539227646059,34282.69613823033,489,418,16,0,0,0,80,,16
edge,4,97026,A0,G25OR,S25,True,16,14923.279931666835,60136.39965833407,451,393,72,56,0,3,0,102,16
edge,4,97026,G25O,G25OR,S25,True,16,9757.20206565,33736.010328250006,500,430,16,0,0,0,82,,16
edge,4,97027,A0,G25OR,S25,True,14,13120.89514963882,51574.47574819406,442,394,58,44,0,2,0,95,14
edge,4,97027,G25O,G25OR,S25,True,14,9277.597984265369,31912.989921326865,480,425,14,0,0,0,63,,14
edge,4,97028,A0,G25OR,S25,True,12,15217.217912480617,60246.08956240296,480,432,104,92,0,6,0,95,12
edge,4,97028,G25O,G25OR,S25,True,12,10021.69880884376,35263.49404421883,497,424,12,0,0,0,79,,12
edge,4,97029,A0,G25OR,S25,True,12,13045.04243796089,49630.212189804406,511,462,26,14,0,1,0,83,12
edge,4,97029,G25O,G25OR,S25,True,12,9866.755327961442,33898.7766398072,516,447,12,0,0,0,70,,12
edge,4,97030,A0,G25OR,S25,True,10,13498.65668937853,51323.28344689259,515,465,58,48,0,3,0,80,10
edge,4,97030,G25O,G25OR,S25,True,10,9276.896401574073,31824.482007870352,486,432,10,0,0,0,55,,10
edge,4,97031,A0,G25OR,S25,True,14,15576.791012010543,62563.95506005262,476,410,82,68,0,3,0,100,14
edge,4,97031,G25O,G25OR,S25,True,14,9628.608534800609,33678.042674003045,481,418,14,0,0,0,76,,14
edge,4,97032,A0,G25OR,S25,True,14,14437.117132719395,57395.58566359692,471,416,53,39,0,3,0,95,14
edge,4,97032,G25O,G25OR,S25,True,14,9712.180802186722,33955.90401093362,488,411,14,0,0,0,84,,14
edge,4,97033,A0,G25OR,S25,True,14,15852.66983278488,65418.349163924315,420,362,93,79,0,5,0,101,14
edge,4,97033,G25O,G25OR,S25,True,14,10446.665694861627,37163.328474308146,503,429,14,0,0,0,81,,14
edge,4,97034,A0,G25OR,S25,True,15,13086.354621789897,52571.773108949434,409,356,47,32,0,2,0,101,15
edge,4,97034,G25O,G25OR,S25,True,15,9665.644961061478,33928.22480530741,478,415,15,0,0,0,73,,15
edge,4,97035,A0,G25OR,S25,True,15,14010.834918864643,56089.17459432315,434,380,71,56,0,3,0,95,15
edge,4,97035,G25O,G25OR,S25,True,15,9998.506357267097,35142.53178633549,494,425,15,0,0,0,74,,15
edge,4,97036,A0,G25OR,S25,True,15,16541.23528293412,63246.176414670386,558,511,187,172,0,4,0,100,15
edge,4,97036,G25O,G25OR,S25,True,15,9507.952359728957,33109.76179864479,479,416,15,0,0,0,72,,15
edge,4,97037,A0,G25OR,S25,True,12,12860.090207910169,48075.451039550855,532,489,24,12,0,1,0,70,12
edge,4,97037,G25O,G25OR,S25,True,12,9388.118061646897,31530.59030823448,514,452,12,0,0,0,63,,12
edge,4,97038,A0,G25OR,S25,True,11,14646.637530962298,55663.18765481139,547,496,87,76,0,4,0,88,11
edge,4,97038,G25O,G25OR,S25,True,11,9405.203888949505,32436.01944474751,488,423,11,0,0,0,65,,11
edge,4,97039,A0,G25OR,S25,True,15,13528.614777110914,53693.07388555455,438,393,59,44,0,2,0,96,15
edge,4,97039,G25O,G25OR,S25,True,15,10439.440748131941,36937.20374065972,510,427,15,0,0,0,96,,15
edge,4,97040,A0,G25OR,S25,True,11,14887.465985597726,58122.3299279885,481,431,135,124,0,4,0,85,11
edge,4,97040,G25O,G25OR,S25,True,11,9057.854302256646,30599.271511283245,492,423,11,0,0,0,67,,11
edge,4,97041,A0,G25OR,S25,True,15,15755.078561495622,64370.39280747796,432,376,105,90,0,5,0,99,15
edge,4,97041,G25O,G25OR,S25,True,15,9545.954273269665,33119.77136634836,485,422,15,0,0,0,76,,15
edge,4,97042,A0,G25OR,S25,True,13,13012.248317580366,51496.24158790179,444,392,25,12,0,1,0,84,13
edge,4,97042,G25O,G25OR,S25,True,13,9908.589615543473,34652.94807771737,496,433,13,0,0,0,67,,13
edge,4,97043,A0,G25OR,S25,True,16,15528.116841580286,62645.58420790122,407,353,193,177,0,5,0,107,16
edge,4,97043,G25O,G25OR,S25,True,16,10794.67544838156,38828.377241907816,506,419,16,0,0,0,95,,16
edge,4,97044,A0,G25OR,S25,True,12,13337.781882111129,50473.90941055558,534,483,22,10,0,1,0,86,12
edge,4,97044,G25O,G25OR,S25,True,12,9711.439324245592,33787.19662122798,495,419,12,0,0,0,74,,12
edge,4,97045,A0,G25OR,S25,True,14,14964.413032176144,61622.06516088059,388,333,113,99,0,6,0,106,14
edge,4,97045,G25O,G25OR,S25,True,14,8892.70831114144,30378.541555707223,468,407,14,0,0,0,72,,14
edge,4,97046,A0,G25OR,S25,True,11,14981.96074290655,59089.803714532645,491,438,83,72,0,4,0,89,11
edge,4,97046,G25O,G25OR,S25,True,11,9960.014610024296,34970.07305012151,497,426,11,0,0,0,67,,11
edge,4,97047,A0,G25OR,S25,True,14,15339.945621423047,61239.728107115145,481,425,78,64,0,3,0,96,14
edge,4,97047,G25O,G25OR,S25,True,14,9101.573626413598,31312.868132067983,470,419,14,0,0,0,60,,14
edge,4,97048,A0,G25OR,S25,True,16,15698.564504189555,64792.82252094765,430,366,64,48,0,4,0,108,16
edge,4,97048,G25O,G25OR,S25,True,16,9994.795377785502,34963.97688892751,500,422,16,0,0,0,92,,16
edge,4,97049,A0,G25OR,S25,True,10,14175.344174277958,53741.72087138972,535,483,83,73,0,1,0,73,10
edge,4,97049,G25O,G25OR,S25,True,10,9704.853217332164,33364.26608666085,507,447,10,0,0,0,54,,10
