mode,seed,sources,baseline_v,baseline_per_source,O3_v,O3_per_source,O0_v,O0_per_source,A_v,A_per_source,A_dist,A_dist_per_source,A_measures,A_measures_per_source,A_all_found,B_v,B_per_source,B_cleanup_v,B_cleanup_per_source,B_cleanup_dist,B_cleanup_dist_per_source,B_all_clear,B_success,C_v,C_per_source,C_naive_v,C_naive_per_source,C_dist,C_measures,C_candidate,C_resolve_key,C_all_clear,C_success,order_gain_per_source,info_cost_per_source,integration_gap_per_source,total_gap_per_source
3,160000,11,4271.700966525475,388.3364515023159,3639.9342006678185,330.90310915161984,1988.1022085076459,180.73656440978598,2088.0,189.8181818181818,7200.000000000001,654.5454545454546,109,9.909090909090908,True,3915.405829355274,355.9459844868431,1827.405829355274,166.12780266866127,8862.029146776367,805.6390133433061,True,True,4271.700966525475,388.3364515023159,4334.20799673182,394.01890879380176,17148.504832627375,133,baseline,mec,True,True,0.0,32.390467015472865,175.2094200770571,207.59988709253
3,160001,12,4258.876907934016,354.90640899450136,3029.8865774244173,252.49054811870144,1565.0951089534394,130.4245924127866,1656.0,138.0,6000.0,500.0,77,6.416666666666667,True,3204.827186906342,267.06893224219516,1548.827186906342,129.06893224219516,7444.135934531707,620.3446612109756,True,True,4101.107477513993,341.7589564594994,4101.107477513993,341.7589564594994,16800.537387569962,114,baseline,true,True,True,13.147452535001927,74.69002421730427,136.64433982940855,224.48181658171475
3,160002,11,3919.9252769673576,356.35684336066885,2722.2698395065495,247.47907631877723,1473.1314864464055,133.9210442224005,1047.0,95.18181818181819,3600.0,327.27272727272725,55,5.0,True,2619.4705991608625,238.13369083280568,1572.4705991608625,142.9518726509875,7587.352995804311,689.7593632549374,True,True,3919.9252769673576,356.35684336066885,3919.9252769673576,356.35684336066885,15994.626384836793,112,baseline,mec,True,True,0.0,118.22315252786319,104.21264661040519,222.43579913826835
3,160003,15,5023.444494703872,334.8962996469248,3992.374373930868,266.1582915953912,2087.487538003715,139.16583586691434,2035.0000000000002,135.66666666666669,7200.000000000001,480.00000000000006,100,6.666666666666667,True,4115.074713537376,274.33831423582507,2080.074713537376,138.67164756915838,10025.373567686875,668.3582378457917,True,True,5011.8089397585745,334.120595983905,5011.8089397585745,334.120595983905,20654.044698792874,138,baseline,true,True,True,0.7757036630198247,59.78228174807991,135.1724783689107,195.73046378001044
3,160004,11,3812.8793233802294,346.6253930345663,3102.7203467213594,282.0654860655781,1631.9951998261306,148.3631999841937,1656.0,150.54545454545453,6000.0,545.4545454545455,77,7.0,True,3320.075875338596,301.82507957623596,1664.0758753385958,151.27962503078143,8045.379376692981,731.3981251539074,True,True,3812.8793233802294,346.6253930345663,3812.8793233802294,346.6253930345663,15329.396616901151,116,baseline,mec,True,True,0.0,44.80031345833033,153.4618795920423,198.2621930503726
3,160005,15,4103.404157832366,273.5602771888244,3515.105488936536,234.3403659291024,1888.3064059273372,125.88709372848915,1853.0000000000002,123.53333333333335,7200.000000000001,480.00000000000006,70,4.666666666666667,True,3691.033317097289,246.06888780648595,1838.0333170972888,122.53555447315259,8815.16658548644,587.6777723657627,True,True,4077.484620835292,271.83230805568616,4288.353351925162,285.89022346167746,17067.423104176454,99,source_first,mec,True,True,1.7279691331382614,25.763420249200195,120.18179407799678,147.67318346033522
3,160006,11,4500.161350234317,409.1055772940288,3622.8582189203853,329.3507471745805,2045.4341039566214,185.9485549051474,2124.0,193.0909090909091,7200.000000000001,654.5454545454546,115,10.454545454545455,True,3974.758682331389,361.34169839376267,1850.758682331389,168.25078930285355,8978.793411656949,816.253946514268,True,True,4500.161350234317,409.1055772940288,4500.161350234317,409.1055772940288,18090.806751171593,141,baseline,mec,True,True,0.0,47.76387890026618,175.39314348861524,223.15702238888142
3,160007,10,3727.660477858122,372.7660477858122,2634.0054033840743,263.40054033840744,1517.3427313550592,151.73427313550593,1082.0,108.2,3600.0,360.0,61,6.1,True,2502.1780054971746,250.21780054971745,1420.1780054971746,142.01780054971746,6850.890027485875,685.0890027485875,True,True,3727.660477858122,372.7660477858122,3727.660477858122,372.7660477858122,15083.30238929061,110,baseline,mec,True,True,0.0,122.54824723609472,98.48352741421154,221.03177465030626
3,160008,10,3840.1971684467367,384.01971684467367,2498.192998202901,249.8192998202901,1519.586329630457,151.9586329630457,1375.0,137.5,4800.0,480.0,70,7.0,True,2889.475597867796,288.9475597867796,1514.4755978677958,151.44755978677958,7322.377989338978,732.2377989338978,True,True,3840.1971684467367,384.01971684467367,3840.1971684467367,384.01971684467367,15520.985842233686,115,baseline,mec,True,True,0.0,95.07215705789409,136.9889268237339,232.06108388162798
3,160009,15,4703.666545602521,313.5777697068348,3816.1741340682756,254.41160893788503,1955.346559669503,130.3564373113002,2063.0,137.53333333333333,7200.000000000001,480.00000000000006,105,7.0,True,3986.28455046387,265.752303364258,1923.28455046387,128.21897003092465,9241.422752319355,616.0948501546237,True,True,4584.029121781471,305.60194145209806,4584.029121781471,305.60194145209806,18595.145608907347,134,baseline,true,True,True,7.9758282547366735,39.84963808784008,135.39586605295779,183.22133239553452
3,160010,12,3960.887789463189,330.07398245526576,3158.0855521268627,263.1737960105719,1789.5231870661369,149.1269322555114,1710.0,142.5,6000.0,500.0,86,7.166666666666667,True,3429.870062884462,285.82250524037187,1719.8700628844622,143.32250524037184,8299.350314422312,691.6125262018594,True,True,3960.887789463189,330.07398245526576,3960.887789463189,330.07398245526576,15924.438947315943,120,baseline,mec,True,True,0.0,44.25147721489392,136.69557298486043,180.94705019975436
3,160011,12,4216.160064771495,351.3466720642912,3232.7325515116245,269.3943792926354,1739.6627888038634,144.9718990669886,1663.0,138.58333333333334,6000.0,500.0,78,6.5,True,3268.6682582800277,272.38902152333566,1605.6682582800277,133.80568819000231,7728.341291400138,644.0284409500115,True,True,4216.160064771495,351.3466720642912,4220.094000097763,351.6745000081469,17485.800323857475,111,baseline,mec,True,True,0.0,78.95765054095561,127.41712245634703,206.37477299730264
3,160012,16,5279.549465739429,329.9718416087143,4025.1140575879904,251.5696285992494,2251.6113835822807,140.72571147389255,2028.0000000000002,126.75000000000001,7200.000000000001,450.00000000000006,99,6.1875,True,4158.62773064057,259.9142331650356,2130.62773064057,133.16423316503563,10253.138653202852,640.8211658251782,True,True,5276.575337676395,329.7859586047747,5276.575337676395,329.7859586047747,21857.876688381977,141,baseline,true,True,True,0.18588300393963664,69.87172543973907,119.18852169114308,189.24613013482178
3,160013,11,4302.904481386375,391.17313467148864,2986.0709331776893,271.4609939252445,1913.0059209018116,173.90962917289195,1693.0,153.9090909090909,6000.0,545.4545454545455,83,7.545454545454546,True,3562.1840665672344,323.83491514247584,1869.1840665672344,169.92582423338493,9070.92033283617,824.6291211669245,True,True,4302.904481386375,391.17313467148864,4510.939795165573,410.085435924143,17814.52240693187,115,baseline,mec,True,True,0.0,67.33821952901276,149.92528596958388,217.26350549859663
3,160014,15,3901.3849659175476,260.09233106116983,2974.727840305095,198.315189353673,1653.8709063701222,110.25806042467481,1626.0,108.4,6000.0,400.0,72,4.8,True,3347.368327179129,223.1578884786086,1721.3683271791292,114.75788847860862,8231.841635895646,548.789442393043,True,True,3901.3849659175476,260.09233106116983,3901.3849659175476,260.09233106116983,15811.924829587739,111,baseline,mec,True,True,0.0,36.934442582561225,112.8998280539338,149.83427063649503
3,160015,16,4776.319244593132,298.51995278707074,3735.8180962858964,233.48863101786853,2078.758092674552,129.9223807921595,2004.0000000000002,125.25000000000001,7200.000000000001,450.00000000000006,95,5.9375,True,3875.8421853832892,242.24013658645558,1871.842185383289,116.99013658645556,8959.210926916447,559.9506829322779,True,True,4776.319244593132,298.51995278707074,4776.319244593132,298.51995278707074,19566.59622296566,134,baseline,mec,True,True,0.0,56.27981620061516,112.31775579429609,168.59757199491125
3,160016,12,4605.419049019972,383.7849207516643,3496.752133312842,291.3960111094035,1812.067350727464,151.00561256062198,1704.0,142.0,6000.0,500.0,85,7.083333333333333,True,3489.4391368354113,290.78659473628426,1785.4391368354113,148.7865947362843,8627.195684177057,718.9329736814215,True,True,4399.107936264048,366.592328022004,4399.107936264048,366.592328022004,18120.53968132024,120,baseline,true,True,True,17.192592729660344,75.80573328571968,139.78098217566227,232.7793081910423
3,160017,13,3797.281388555237,292.09856835040284,3040.885011706031,233.9142316696947,1717.650750500552,132.12698080773478,1321.0,101.61538461538461,4800.0,369.2307692307692,61,4.6923076923076925,True,3004.8049727826383,231.13884406020296,1683.8049727826383,129.52345944481834,8094.024863913195,622.6172972240919,True,True,3784.8766364879243,291.1443566529173,3784.8766364879243,291.1443566529173,15564.383182439622,102,baseline,true,True,True,0.9542116974855792,60.00551259271431,99.01186325246817,159.97158754266806
3,160018,16,5147.453088603987,321.7158180377492,3929.879276357504,245.617454772344,2169.4616573225753,135.59135358266096,2046.0000000000002,127.87500000000001,7200.000000000001,450.00000000000006,102,6.375,True,4056.8080295866944,253.5505018491684,2010.8080295866941,125.67550184916838,9654.040147933469,603.3775092458418,True,True,4990.454850393611,311.9034281496007,4990.454850393611,311.9034281496007,20492.27425196806,139,baseline,true,True,True,9.812389888148516,58.3529263004323,117.95914826650744,186.12446445508826
3,160019,12,3611.0555066246698,300.9212922187225,2812.163880655257,234.34699005460473,1541.976989032659,128.49808241938825,1058.0,88.16666666666667,3600.0,300.0,57,4.75,True,2512.9547003258726,209.41289169382273,1454.9547003258726,121.24622502715606,6974.773501629363,581.2311251357802,True,True,3611.0555066246698,300.9212922187225,3611.0555066246698,300.9212922187225,14540.27753312335,108,baseline,mec,True,True,0.0,91.50840052489976,80.91480927443446,172.42320979933424
3,160020,15,4410.110218087124,294.00734787247495,3604.3546796172814,240.29031197448543,2010.0790426649583,134.0052695109972,1890.0000000000002,126.00000000000001,7200.000000000001,480.00000000000006,76,5.066666666666666,True,3868.7592564583697,257.9172837638913,1978.7592564583695,131.9172837638913,9518.796282291849,634.5864188194566,True,True,4410.110218087124,294.00734787247495,4417.853145780621,294.5235430520414,18355.55109043562,111,baseline,mec,True,True,0.0,36.09006410858362,123.9120142528941,160.00207836147771
3,160021,10,4475.783490125836,447.57834901258354,3521.89645264099,352.189645264099,1994.1265213060299,199.412652130603,2117.0,211.7,7200.000000000001,720.0000000000001,114,11.4,True,3907.8385822036535,390.78385822036535,1790.8385822036535,179.08385822036536,8704.192911018265,870.4192911018265,True,True,4475.783490125836,447.57834901258354,4475.783490125836,447.57834901258354,18153.91745062917,135,baseline,mec,True,True,0.0,56.79449079221822,191.37120608976235,248.1656968819806
3,160022,15,4351.361107649117,290.09074050994116,3548.548605979199,236.56990706527992,2078.070932360426,138.53806215736174,1633.0,108.86666666666666,6000.0,400.0,73,4.866666666666666,True,3693.3518986175063,246.22345990783376,2060.3518986175063,137.35679324116708,9926.759493087535,661.7839662058357,True,True,4351.361107649117,290.09074050994116,4351.361107649117,290.09074050994116,18036.805538245586,112,baseline,mec,True,True,0.0,43.86728060210738,107.68539775047202,151.5526783525794
3,160023,14,4342.918431744515,310.2084594103225,3663.839608661194,261.70282919008525,2032.0413144896872,145.1458081778348,1921.0000000000002,137.21428571428572,7200.000000000001,514.2857142857143,81,5.785714285714286,True,3973.5650095232645,283.8260721088046,2052.565009523264,146.61178639451887,9912.825047616323,708.0589319725945,True,True,4342.918431744515,310.2084594103225,4423.5376192195745,315.9669728013982,18004.59215872257,113,baseline,mec,True,True,0.0,26.382387301517902,138.6802639309698,165.0626512324877
3,160024,15,4575.373906976424,305.0249271317616,3483.8530389533084,232.2568692635539,1995.0669192318471,133.00446128212315,1730.0,115.33333333333333,6000.0,400.0,89,5.933333333333334,True,3573.2217804977163,238.2147853665144,1843.2217804977163,122.88145203318109,8841.108902488575,589.407260165905,True,True,4575.373906976424,305.0249271317616,4575.373906976424,305.0249271317616,18696.869534882127,130,baseline,mec,True,True,0.0,66.8101417652472,105.21032408439127,172.02046584963847
3,160025,13,4027.5843474778208,309.814180575217,3106.2831053225113,238.9448542555778,1697.3232989231433,130.56333068639563,1931.0000000000002,148.53846153846155,7200.000000000001,553.8461538461539,83,6.384615384615385,True,3620.4647695227945,278.4972899632919,1689.4647695227943,129.95882842483033,8122.323847613975,624.7941421241519,True,True,4027.5843474778208,309.814180575217,4027.5843474778208,309.814180575217,16402.921737389104,114,baseline,mec,True,True,0.0,31.316890611925093,147.93395927689625,179.25084988882134
3,160026,13,4659.238300520703,358.4029461939002,3371.109823641843,259.3161402801418,1808.2607522290043,139.09698094069265,1651.0,127.0,6000.0,461.53846153846155,76,5.846153846153846,True,3504.11860497042,269.54758499772464,1853.1186049704202,142.54758499772464,8940.593024852102,687.7379249886233,True,True,4394.2622656268795,338.02017427899074,4394.2622656268795,338.02017427899074,18316.3113281344,112,baseline,true,True,True,20.382771914909497,68.47258928126611,130.450604057032,219.30596525320757
3,160027,15,4570.3121441671965,304.6874762778131,3900.7057059838858,260.0470470655924,2208.5820705125975,147.23880470083984,2010.0000000000002,134.00000000000003,7200.000000000001,480.00000000000006,96,6.4,True,4075.218175685914,271.68121171239426,2065.2181756859136,137.68121171239423,9951.090878429572,663.4060585619715,True,True,4570.3121441671965,304.6874762778131,4570.3121441671965,304.6874762778131,18601.56072083599,132,baseline,mec,True,True,0.0,33.00626456541883,124.44240701155444,157.44867157697325
3,160028,13,4105.803153128238,315.8310117790952,3254.914206160104,250.37801585846955,1821.8260007492518,140.1404615960963,1645.0,126.53846153846153,6000.0,461.53846153846155,75,5.769230769230769,True,3374.243989207511,259.5572299390393,1729.2439892075108,133.01876840057776,8321.219946037552,640.0938420028887,True,True,4105.803153128238,315.8310117790952,4105.803153128238,315.8310117790952,16879.01576564119,112,baseline,mec,True,True,0.0,56.27378184005591,119.416768342943,175.69055018299892
3,160029,16,4292.826464162887,268.3016540101804,3673.3398845818374,229.58374278636484,1743.221242165852,108.95132763536574,1896.0000000000002,118.50000000000001,7200.000000000001,450.00000000000006,77,4.8125,True,3775.8901813648954,235.99313633530596,1879.8901813648952,117.49313633530595,8999.450906824477,562.4656816765298,True,True,4195.296718432096,262.206044902006,4195.296718432096,262.206044902006,17256.483592160475,111,baseline,true,True,True,6.095609108174415,26.212908566700037,127.04180869994022,159.35032637481467
3,160030,16,4412.073619499101,275.75460121869384,3269.2012999841636,204.32508124901022,1919.5727435706842,119.97329647316776,1682.0,105.125,6000.0,375.0,81,5.0625,True,3378.2044800658923,211.13778000411827,1696.2044800658923,106.01278000411827,8081.022400329461,505.0639000205913,True,True,4701.144434495863,293.8215271559914,4701.144434495863,293.8215271559914,19435.722172479327,126,baseline,mec,True,True,-18.066925937297583,82.68374715187315,91.1644835309505,155.78130474552609
3,160031,14,4474.881082214741,319.63436301533864,3571.8323143264342,255.1308795947453,2079.0218711792477,148.50156222708912,1680.0,120.0,6000.0,428.57142857142856,81,5.785714285714286,True,3768.326735282835,269.1661953773454,2088.326735282835,149.16619537734536,10091.633676414178,720.830976886727,True,True,4474.881082214741,319.63436301533864,4474.881082214741,319.63436301533864,18524.40541107371,117,baseline,mec,True,True,0.0,50.46816763799325,120.66463315025625,171.1328007882495
3,160032,10,3497.0904967894867,349.70904967894865,2388.4580646479003,238.84580646479003,1334.6604851015547,133.46604851015547,741.0,74.1,2400.0,240.0,44,4.4,True,2047.765224290812,204.7765224290812,1306.765224290812,130.67652242908122,6283.826121454062,628.3826121454061,True,True,3497.0904967894867,349.70904967894865,3497.0904967894867,349.70904967894865,14070.452483947432,106,baseline,mec,True,True,0.0,144.93252724986746,71.31047391892574,216.24300116879323
3,160033,12,4503.663417419707,375.3052847849756,3682.335233492813,306.8612694577344,1975.336819284561,164.61140160704676,2123.0,176.91666666666666,7200.000000000001,600.0000000000001,115,9.583333333333334,True,3912.029079036037,326.0024232530031,1789.0290790360368,149.0857565863364,8645.145395180185,720.4287829316821,True,True,4503.663417419707,375.3052847849756,4503.663417419707,375.3052847849756,18108.31708709853,139,baseline,mec,True,True,0.0,49.30286153197252,161.39102164595633,210.69388317792883
3,160034,15,4422.260242559455,294.81734950396367,3784.5828619784406,252.30552413189605,2074.78948410245,138.31929894016332,1914.0000000000002,127.60000000000001,7200.000000000001,480.00000000000006,80,5.333333333333333,True,3846.945700125893,256.4630466750595,1932.9457001258927,128.8630466750595,9289.728500629466,619.3152333752977,True,True,4422.260242559455,294.81734950396367,4486.297211692649,299.08648077950994,18371.301212797272,113,baseline,mec,True,True,0.0,38.35430282890414,118.1437477348962,156.49805056380035
3,160035,15,4290.55452331923,286.036968221282,3263.933959733669,217.59559731557792,1979.707400028617,131.98049333524114,1597.0,106.46666666666667,6000.0,400.0,67,4.466666666666667,True,3597.895064713551,239.85967098090342,2000.8950647135512,133.39300431423675,9629.475323567756,641.9650215711838,True,True,4290.55452331923,286.036968221282,4292.989858611722,286.19932390744816,17882.77261659614,107,baseline,mec,True,True,0.0,46.17729724037857,107.87917764566228,154.05647488604083
3,160036,14,4430.971335126706,316.49795250905044,3638.961650400803,259.9258321714859,2011.2876920851693,143.6634065775121,2045.0000000000002,146.07142857142858,7200.000000000001,514.2857142857143,102,7.285714285714286,True,3859.646746809219,275.68905334351564,1814.646746809219,129.61762477208705,8723.23373404609,623.0881238604351,True,True,4430.971335126706,316.49795250905044,4430.971335126706,316.49795250905044,17859.856675633546,134,baseline,mec,True,True,0.0,40.808899165534804,132.02564676600358,172.83454593153834
3,160037,10,3763.05250129587,376.305250129587,2515.8969558757267,251.58969558757266,1523.6815181397524,152.36815181397523,1047.0,104.7,3600.0,360.0,55,5.5,True,2655.981846876452,265.5981846876452,1608.981846876452,160.8981846876452,7794.9092343822595,779.490923438226,True,True,3763.05250129587,376.305250129587,3763.05250129587,376.305250129587,15215.262506479352,112,baseline,mec,True,True,0.0,110.70706544194181,113.23003287366996,223.93709831561176
3,160038,16,4740.279195651799,296.2674497282374,3322.285700500087,207.64285628125543,2090.611329409173,130.6632080880733,1633.0,102.0625,6000.0,375.0,73,4.5625,True,3602.4025257321364,225.15015785825852,1969.4025257321364,123.08765785825852,9447.012628660681,590.4382892912926,True,True,4680.353637875188,292.52210236719924,4766.8602424805795,297.9287651550362,19611.768189375933,115,baseline,mec,True,True,3.7453473610381707,67.37194450894071,94.48694977018522,165.6042416401641
3,160039,15,4483.581129811569,298.9054086541046,3729.3183004565067,248.6212200304338,2057.133734239977,137.1422489493318,2021.0000000000002,134.73333333333335,7200.000000000001,480.00000000000006,98,6.533333333333333,True,3903.1270743529885,260.20847162353255,1882.1270743529883,125.47513829019923,9035.635371764944,602.3756914509962,True,True,4483.581129811569,298.9054086541046,4483.581129811569,298.9054086541046,18217.90564905783,130,baseline,mec,True,True,0.0,38.69693703057201,123.06622267420077,161.7631597047728
3,160040,11,3928.601420626202,357.1455836932911,2629.258063045498,239.02346027686346,1812.9154992742713,164.81049993402465,1040.0,94.54545454545455,3600.0,327.27272727272725,54,4.909090909090909,True,2855.9438066815496,259.63125515286816,1815.9438066815496,165.0858006074136,8804.719033407744,800.4290030370677,True,True,3928.601420626202,357.1455836932911,4010.2805260737696,364.57095691579724,16143.007103131013,108,baseline,mec,True,True,0.0,97.51432854042295,94.82075521884349,192.33508375926647
3,160041,11,4616.440410837772,419.67640098525203,3521.10604033472,320.1005491213382,1976.7510292562638,179.70463902329672,1675.0,152.27272727272728,6000.0,545.4545454545455,80,7.2727272727272725,True,3658.21172504958,332.5647022772345,1983.2117250495799,180.29197500450726,9641.0586252479,876.4598750225364,True,True,4445.293640678229,404.11760369802084,4631.459382276379,421.04176202512537,18376.46820339115,119,baseline_rev,mec,True,True,15.558797287231176,71.5529014207863,152.86006325393782,239.9717619619553
3,160042,15,4913.763456619575,327.584230441305,3483.778211870052,232.2518807913368,1960.1810255506125,130.6787350367075,1764.0,117.6,6000.0,400.0,95,6.333333333333333,True,3564.9834083309174,237.6655605553945,1800.9834083309174,120.0655605553945,8629.917041654588,575.3278027769725,True,True,4913.763456619575,327.584230441305,4913.763456619575,327.584230441305,20128.817283097862,139,baseline,mec,True,True,0.0,89.91866988591049,106.986825518687,196.90549540459747
3,160043,13,4104.357606824855,315.7198159096042,3465.6869547250753,266.59130420962117,1704.658400055603,131.12756923504637,1669.0,128.3846153846154,6000.0,461.53846153846155,79,6.076923076923077,True,3412.0558418865235,262.46583399127104,1743.0558418865235,134.08121860665565,8390.27920943262,645.4060930332785,True,True,4104.357606824855,315.7198159096042,4144.911084136591,318.83931416435314,16671.788034124278,118,baseline,mec,True,True,0.0,53.25398191833319,131.33826475622465,184.59224667455783
3,160044,12,3913.0129900783786,326.0844158398649,2817.2297936551663,234.76914947126386,1677.0404560895597,139.75337134079663,1363.0,113.58333333333333,4800.0,400.0,68,5.666666666666667,True,3048.691835802716,254.05765298355968,1685.691835802716,140.47431965022633,8128.4591790135855,677.3715982511321,True,True,3913.0129900783786,326.0844158398649,3913.0129900783786,326.0844158398649,15765.064950391896,117,baseline,mec,True,True,0.0,72.02676285630521,114.30428164276303,186.33104449906827
3,160045,11,4409.494443418114,400.8631312198286,3604.213999894156,327.655818172196,2000.7217673297564,181.88379702997784,2093.0,190.27272727272728,7200.000000000001,654.5454545454546,110,10.0,True,3952.4336443700818,359.3121494881893,1859.4336443700818,169.03942221546197,9022.168221850403,820.1971110773094,True,True,4409.494443418114,400.8631312198286,4409.494443418114,400.8631312198286,17787.47221709057,135,baseline,mec,True,True,0.0,41.550981731639325,177.4283524582114,218.97933418985073
3,160046,15,4489.219845535391,299.2813230356927,3640.0349026640833,242.6689935109389,1897.0161782535665,126.46774521690443,1908.0000000000002,127.20000000000002,7200.000000000001,480.00000000000006,79,5.266666666666667,True,3728.5212050658656,248.56808033772438,1820.5212050658654,121.36808033772436,8727.606025329325,581.8404016886217,True,True,4489.219845535391,299.2813230356927,4794.91246808348,319.66083120556533,18496.09922767694,120,baseline,mec,True,True,0.0,50.713242697968354,122.10033512081993,172.8135778187883
3,160047,16,3660.4493327941473,228.7780832996342,2878.29100555444,179.8931878471525,1387.5513652168586,86.72196032605366,1520.0,95.0,6000.0,375.0,54,3.375,True,2890.6957932808837,180.66848708005523,1370.6957932808837,85.66848708005523,6453.478966404418,403.34243540027614,True,True,3783.393937757058,236.46212110981614,3783.393937757058,236.46212110981614,15631.969688785292,97,baseline,mec,True,True,-7.684037810181934,55.79363402976091,93.94652675400157,142.05612297358056
3,160048,12,4408.862037060963,367.4051697550803,3594.3814180519034,299.5317848376586,1796.165032909962,149.6804194091635,2051.0,170.91666666666666,7200.000000000001,600.0000000000001,103,8.583333333333334,True,3865.734146641112,322.1445122200927,1814.7341466411121,151.22784555342602,8773.670733205563,731.1392277671303,True,True,4407.816813178489,367.31806776487406,4407.816813178489,367.31806776487406,17854.08406589244,132,baseline,true,True,True,0.08710199020621683,45.17355554478138,172.46409281092917,217.72475034591676
3,160049,14,5222.417959267923,373.02985423342307,4045.2400905285476,288.9457207520391,2228.6979580403386,159.1927112885956,1682.0,120.14285714285714,6000.0,428.57142857142856,81,5.785714285714286,True,3880.5365534157227,277.18118238683735,2198.5365534157227,157.03832524398018,10642.682767078612,760.1916262199009,True,True,4872.413339757785,348.02952426841324,4872.413339757785,348.02952426841324,20392.06669878892,122,baseline,true,True,True,25.000329965009833,70.8483418815759,117.98847109824172,213.83714294482746
4,160000,11,9091.261452111055,826.4783138282778,5875.285595054435,534.116872277676,1988.1022085076459,180.73656440978598,6261.770263678715,569.2518421526105,18173.85131839358,1652.1683016721436,442,40.18181818181818,True,8206.111778003884,746.0101616367167,1944.3415143251686,176.75831948410624,9446.70757162584,858.7915974205309,True,True,8679.621163257623,789.0564693870566,9263.376268574817,842.1251153249833,31888.105816288116,381,baseline_rev,mec,True,True,37.421844441221104,43.046307750339935,565.2735972269307,645.7417494184918
4,160001,12,7530.095838413183,627.5079865344319,4821.615000020525,401.80125000171046,1887.2230568096682,157.26858806747234,2983.0829664248554,248.59024720207128,9415.414832124277,784.6179026770232,186,15.5,True,4667.580577051447,388.9650480876206,1684.4976106265917,140.37480088554932,8122.48805313296,676.8740044277466,True,True,7530.095838413183,627.5079865344319,7530.095838413183,627.5079865344319,28340.479192065904,303,baseline,mec,True,True,0.0,238.5429384468113,231.69646002014824,470.2393984669595
4,160002,11,7740.78141041711,703.70740094701,4813.99318308432,437.6357439167563,1856.5191727474705,168.77447024977005,5164.13834176162,469.4671219783291,17200.691708808103,1563.699246255282,291,26.454545454545453,True,6957.315336182481,632.4832123802255,1793.1769944208609,163.01609040189643,8690.884972104304,790.0804520094822,True,True,7740.78141041711,703.70740094701,7952.608639296213,722.9644217542012,28043.907052085546,348,baseline,mec,True,True,0.0,71.2241885667845,463.7087421304555,534.93293069724
4,160003,15,9872.631809082739,658.1754539388493,6730.955641584271,448.73037610561806,2087.487538003715,139.16583586691434,6070.770263678715,404.718017578581,18173.85131839358,1211.5900878929053,410,27.333333333333332,True,7923.4370896759965,528.2291393117331,1852.6668259972812,123.51112173315208,8888.334129986411,592.5556086657608,True,True,9558.666139178033,637.2444092785355,9931.26981712255,662.0846544748366,37788.330695890174,331,source_first,mec,True,True,20.93104466031376,109.0152699668024,389.0633034448188,519.0096180719349
4,160004,11,7325.3413173006375,665.9401197546034,4837.1539896377235,439.7412717852476,1769.0138357008152,160.81943960916502,4873.506419844524,443.046038167684,16227.532099222622,1475.2301908384202,275,25.0,True,6513.789671866811,592.1626974424373,1640.2832520222864,149.11665927475332,7926.41626011144,720.5832963737673,True,True,7325.3413173006375,665.9401197546034,7325.3413173006375,665.9401197546034,26506.706586503187,329,baseline,mec,True,True,0.0,73.77742231216607,431.3432578332723,505.12068014543837
4,160005,15,6419.24901990046,427.94993466003064,4038.17734874148,269.211823249432,2066.7828069584198,137.78552046389464,3076.3468102590464,205.0897873506031,11361.734051295232,757.4489367530155,137,9.133333333333333,True,5116.932551177608,341.1288367451738,2040.5857409185614,136.03904939457075,9827.928704592818,655.1952469728545,True,True,6419.24901990046,427.94993466003064,6419.24901990046,427.94993466003064,25131.245099502295,221,baseline,mec,True,True,0.0,86.8210979148568,203.34331628127921,290.16441419613597
4,160006,11,9558.164137993785,868.9240125448895,5976.660565126104,543.3327786478277,2045.4341039566214,185.9485549051474,5979.13834176162,543.5580310692382,17200.691708808103,1563.699246255282,427,38.81818181818182,True,7830.75564965554,711.8868772414127,1851.61730789392,168.32884617217454,8983.086539469608,816.6442308608734,True,True,9449.35982543953,859.0327114035936,9556.179684897628,868.7436077179663,35271.799127197606,399,baseline_rev,mec,True,True,9.891301141295942,147.14583416218085,525.9383223362653,682.9754576397421
4,160007,10,7479.947324578837,747.9947324578836,5343.489934271709,534.3489934271709,1598.7349415538915,159.87349415538915,5366.13834176162,536.613834176162,17200.691708808103,1720.0691708808104,325,32.5,True,6915.6322974135455,691.5632297413546,1549.4939556519257,154.94939556519256,7497.469778259623,749.7469778259623,True,True,7479.947324578837,747.9947324578836,7479.947324578837,747.9947324578836,26139.73662289419,370,baseline,mec,True,True,0.0,56.431502716529124,531.6897355859653,588.1212383024946
4,160008,10,6969.47468653517,696.947468653517,4736.377187399108,473.63771873991084,1722.1753008043408,172.21753008043407,4884.506419844524,488.45064198445243,16227.532099222622,1622.7532099222622,277,27.7,True,6609.5491547044985,660.9549154704498,1725.0427348599742,172.50427348599743,8375.213674299877,837.5213674299878,True,True,6969.47468653517,696.947468653517,6969.47468653517,696.947468653517,24777.373432675853,329,baseline,mec,True,True,0.0,35.99255318306714,488.7373853900158,524.7299385730829
4,160009,15,9626.493987191898,641.7662658127932,6623.241781380625,441.5494520920417,1955.346559669503,130.3564373113002,5991.770263678715,399.45135091191435,18173.85131839358,1211.5900878929053,397,26.466666666666665,True,7702.000629897868,513.4667086598579,1710.2303662191525,114.0153577479435,8176.151831095769,545.0767887397179,True,True,9496.447256353544,633.0964837569029,9650.778370404094,643.3852246936062,36892.236281767735,350,baseline_rev,mec,True,True,8.66978205589027,119.62977509704506,383.11027134855766,511.409828501493
4,160010,12,6845.072741438297,570.4227284531914,4948.840557060372,412.403379755031,1599.3516661716467,133.2793055143039,4257.242576010333,354.7702146675278,14281.212880051666,1190.1010733376388,237,19.75,True,5771.395644822851,480.9496370685709,1514.1530688125176,126.17942240104314,7270.765344062587,605.8971120052156,True,True,6845.072741438297,570.4227284531914,6845.072741438297,570.4227284531914,24880.363707191493,303,baseline,mec,True,True,0.0,89.47309138462053,347.670331554267,437.14342293888757
4,160011,12,7084.696636845841,590.3913864038201,3965.464029042082,330.45533575350686,1888.9270093943778,157.41058411619815,1798.3743159982243,149.86452633318535,4986.871579991122,415.57263166592685,135,11.25,True,3697.6071017298545,308.13392514415455,1899.2327857316302,158.2693988109692,9196.163928658147,766.3469940548456,True,True,7084.696636845841,590.3913864038201,7084.696636845841,590.3913864038201,26328.483184229204,295,baseline,mec,True,True,0.0,282.2574612596655,150.7233410279564,432.9808022876219
4,160012,16,9456.409630148475,591.0256018842797,6941.438080389544,433.8398800243465,2251.6113835822807,140.72571147389255,5751.13834176162,359.44614636010124,17200.691708808103,1075.0432318005064,389,24.3125,True,7806.500698859546,487.9062936787216,2055.362357097926,128.4601473186204,9876.81178548964,617.3007365931026,True,True,9345.651675514668,584.1032297196667,9555.883085730042,597.2426928581276,36673.25837757332,330,baseline_rev,mec,True,True,6.922372164612966,96.1969360409451,347.1805822048291,450.29989041038715
4,160013,11,6979.8588433599,634.5326221236272,3019.8136991136053,274.52851810123684,1478.6205690811048,134.42005173464588,1218.10894749889,110.73717704535365,3480.5447374944515,316.413157954041,88,8.0,True,2633.553470105809,239.41395182780082,1415.444522606919,128.67677478244718,6802.222613034596,618.383873912236,True,True,6979.8588433599,634.5326221236272,6979.8588433599,634.5326221236272,25744.294216799495,297,baseline,mec,True,True,0.0,395.1186702958264,104.99390009315493,500.11257038898134
4,160014,15,7479.355539624971,498.62370264166475,5479.98564299109,365.332376199406,1808.462359897596,120.56415732650639,4313.874497927429,287.59163319516193,15254.372489637144,1016.9581659758096,214,14.266666666666667,True,6147.170217603292,409.81134784021947,1833.2957196758634,122.21971464505756,8791.478598379317,586.0985732252879,True,True,7479.355539624971,498.62370264166475,7479.355539624971,498.62370264166475,28666.777698124853,280,baseline,mec,True,True,0.0,88.81235480144527,289.24719051371306,378.05954531515835
4,160015,16,10734.145247787988,670.8840779867493,7326.393925037444,457.89962031484026,2078.758092674552,129.9223807921595,5943.13834176162,371.44614636010124,17200.691708808103,1075.0432318005064,421,26.3125,True,8017.812524957274,501.1132828098296,2074.674183195654,129.6671364497284,9973.370915978285,623.3356822486428,True,True,9376.503660609842,586.0314787881151,10120.368720952496,632.523045059531,37237.51830304923,319,baseline_rev,true,True,True,84.85259919863415,84.9181959782855,371.19090201767017,540.9616971945898
4,160016,12,7143.102771216185,595.2585642680154,5054.152331624246,421.17936096868715,1723.4823775527584,143.62353146272986,3924.9787321761423,327.0815610146785,12334.89366088071,1027.9078050733926,246,20.5,True,5517.717810145309,459.8098175121091,1592.7390779691668,132.72825649743058,7663.695389845832,638.6412824871527,True,True,7143.102771216185,595.2585642680154,7143.102771216185,595.2585642680154,25710.51385608093,325,baseline,mec,True,True,0.0,135.4487467559063,316.18628604937925,451.63503280528556
4,160017,13,7347.945815755287,565.2266012119452,5016.312161062846,385.8701662356035,1727.6802555154752,132.8984811934981,3818.610654093238,293.73928108409524,13308.05327046619,1023.6964054204761,196,15.076923076923077,True,5605.671042792106,431.205464830162,1787.0603886988683,137.4661837460668,8610.301943494338,662.3309187303337,True,True,7347.945815755287,565.2266012119452,7347.945815755287,565.2266012119452,28134.729078776432,278,baseline,mec,True,True,0.0,134.02113638178315,298.3069836366639,432.32812001844707
4,160018,16,10328.022616076658,645.5014135047911,7429.325014237526,464.3328133898454,2169.4616573225753,135.59135358266096,6155.770263678715,384.7356414799197,18173.85131839358,1135.8657073995987,424,26.5,True,8028.170496978293,501.7606560611433,1872.4002332995778,117.02501458122362,8962.001166497896,560.1250729061185,True,True,9578.880754341631,598.680047146352,10446.961415511583,652.935088469474,37764.403771708145,334,baseline_rev,true,True,True,46.82136635843915,96.91939108520864,366.16930247848234,509.91005992213013
4,160019,12,6878.826894062313,573.2355745051927,3101.1251159923654,258.42709299936377,1545.4155468349654,128.7846289029138,2014.2178949977801,167.851491249815,5991.089474988903,499.25745624907523,138,11.5,True,3620.844164407129,301.7370137005941,1606.6262694093489,133.88552245077906,7733.1313470467485,644.4276122538957,True,True,6878.826894062313,573.2355745051927,6878.826894062313,573.2355745051927,25779.134470311565,279,baseline,mec,True,True,0.0,271.49856080459864,172.9523847976803,444.450945602279
4,160020,15,7747.876066650629,516.525071110042,5229.629348609969,348.64195657399796,2011.3564921219072,134.09043280812713,3522.9787321761423,234.86524881174282,12334.89366088071,822.326244058714,179,11.933333333333334,True,5507.688628304983,367.17924188699885,1984.7098961288402,132.313993075256,9548.549480644202,636.5699653762802,True,True,7747.876066650629,516.525071110042,7747.876066650629,516.525071110042,30234.380333253164,273,baseline,mec,True,True,0.0,149.34582922304307,233.0888090788717,382.4346383019148
4,160021,10,8733.345093858696,873.3345093858695,5919.955098612748,591.9955098612747,1994.1265213060299,199.412652130603,6087.13834176162,608.713834176162,17200.691708808103,1720.0691708808104,445,44.5,True,7824.733779308942,782.4733779308942,1737.595437547322,173.7595437547322,8437.977187736615,843.7977187736615,True,True,8341.237651938422,834.1237651938421,8733.345093858696,873.3345093858695,30616.1882596921,365,baseline_rev,mec,True,True,39.21074419202741,51.65038726294797,583.0607258002913,673.9218572552666
4,160022,15,7156.580225062551,477.1053483375034,4782.296454417601,318.8197636278401,1936.464028817106,129.0976019211404,2603.4510445077594,173.56340296718398,8442.255222538799,562.81701483592,155,10.333333333333334,True,4384.0697198428925,292.2713146561928,1780.618675335133,118.70791168900887,8528.093376675668,568.5395584450446,True,True,7156.580225062551,477.1053483375034,7156.580225062551,477.1053483375034,27937.90112531276,250,baseline,mec,True,True,0.0,184.8340336813106,163.17371273505245,348.00774641636303
4,160023,14,6483.417250718245,463.10123219416033,3079.739555274162,219.98139680529727,1448.6487301285565,103.47490929489689,1410.9525264984463,100.78232332131759,4484.762632492232,320.34018803515943,87,6.214285714285714,True,3003.546787751018,214.53905626792988,1592.5942612525719,113.75673294661227,7612.9713062628625,543.7836647330616,True,True,6483.417250718245,463.10123219416033,6483.417250718245,463.10123219416033,25237.086253591227,229,baseline,mec,True,True,0.0,248.56217592623048,111.06414697303298,359.62632289926347
4,160024,15,10234.901878734872,682.3267919156582,6782.585948316712,452.1723965544475,1995.0669192318471,133.00446128212315,5907.13834176162,393.809222784108,17200.691708808103,1146.712780587207,415,27.666666666666668,True,7669.852997058231,511.3235331372154,1762.7146552966115,117.51431035310743,8438.573276483057,562.5715517655372,True,True,9740.996119444379,649.399741296292,10234.901878734872,682.3267919156582,37889.98059722186,359,baseline_rev,mec,True,True,32.92705061936625,138.0762081590765,378.31907185509226,549.322330633535
4,160025,13,7191.19093680943,553.1685336007254,4221.793219928281,324.7533246098678,1978.113566435744,152.16258203351876,2687.45104450776,206.72700342367384,8442.255222538799,649.4042478875999,169,13.0,True,4661.55722302557,358.5813248481208,1974.1061785178103,151.85432142444694,9545.530892589057,734.2716071222351,True,True,7191.19093680943,553.1685336007254,7191.19093680943,553.1685336007254,27045.954684047152,287,baseline,mec,True,True,0.0,194.58720875260462,206.418742814602,401.0059515672067
4,160026,13,7010.733171405326,539.2871670311789,5044.143596347512,388.0110458728856,1972.507365741621,151.73133582627855,3890.610654093238,299.27774262255673,13308.05327046619,1023.6964054204761,208,16.0,True,5710.744986006897,439.2880758466844,1820.1343319136595,140.01033322412766,8775.6716595683,675.0516661206384,True,True,7010.733171405326,539.2871670311789,7010.733171405326,539.2871670311789,26123.665857026637,288,baseline,mec,True,True,0.0,99.99909118449453,287.55674002040587,387.5558312049004
4,160027,15,10329.392416489136,688.6261610992757,7212.358487737022,480.82389918246815,2208.5820705125975,147.23880470083984,5896.13834176162,393.07588945077464,17200.691708808103,1146.712780587207,413,27.533333333333335,True,8014.152871057014,534.2768580704676,2118.014529295394,141.20096861969293,10215.072646476976,681.004843098465,True,True,9905.78035842841,660.3853572285607,10303.410800375997,686.8940533583998,38923.90179214204,352,baseline_rev,true,True,True,28.24080387071505,126.1084991580931,387.03805336962773,541.3873563984359
4,160028,13,7194.434171900619,553.4180132231245,4980.996028670333,383.1535406669487,1883.850119848723,144.911547680671,4504.874497927429,346.5288075328791,15254.372489637144,1173.4132684336264,246,18.923076923076923,True,6389.2368225691935,491.4797555822457,1884.3623246417646,144.9509480493665,9096.811623208812,699.7547402468317,True,True,7194.434171900619,553.4180132231245,7194.434171900619,553.4180132231245,26207.17085950311,317,baseline,mec,True,True,0.0,61.938257640878874,346.5682079015747,408.50646554245355
4,160029,16,7490.411027634658,468.15068922716614,5184.2081773802665,324.01301108626666,1940.0682602495065,121.25426626559415,4478.506419844524,279.90665124028277,16227.532099222622,1014.2207562014139,209,13.0625,True,6447.908749986781,402.9942968741738,1969.4023301422567,123.08764563389104,9447.011650711283,590.4382281694552,True,True,7573.645725233494,473.3528578270934,7573.645725233494,473.3528578270934,29278.228626167456,275,baseline,mec,True,True,-5.202168599927234,70.35856095291956,281.7400306085797,346.896422961572
4,160030,16,10912.873947583692,682.0546217239807,7355.901647749692,459.7438529843557,1919.5727435706842,119.97329647316776,6064.770263678715,379.0481414799197,18173.85131839358,1135.8657073995987,409,25.5625,True,8035.449580369029,502.2155987730643,1970.6793166903135,123.1674572931446,9453.396583451573,590.8372864657233,True,True,10095.49086323641,630.9681789522756,10580.606624259952,661.287914016247,39772.454316182055,358,baseline_rev,mec,True,True,51.08644277170515,128.7525801792113,382.24230229989655,562.0813252508129
4,160031,14,7405.351461277331,528.9536758055236,5382.4287868211195,384.4591990586514,2109.1011020735677,150.65007871954055,3744.9787321761423,267.49848086972446,12334.89366088071,881.0638329200508,216,15.428571428571429,True,5589.411047429236,399.2436462449454,1844.4323152530933,131.74516537522095,8872.161576265467,633.7258268761049,True,True,7405.351461277331,528.9536758055236,7405.351461277331,528.9536758055236,27561.757306386648,305,baseline,mec,True,True,0.0,129.71002956057822,248.59356752540484,378.3035970859831
4,160032,10,6848.399221425234,684.8399221425234,3140.7112687923814,314.07112687923814,1374.1592798125464,137.41592798125464,1443.5307369986683,144.35307369986683,3982.653684993342,398.26536849933416,109,10.9,True,2851.026290684776,285.1026290684776,1407.4955536861078,140.74955536861077,6787.477768430539,678.7477768430539,True,True,6848.399221425234,684.8399221425234,6848.399221425234,684.8399221425234,24651.996107126168,313,baseline,mec,True,True,0.0,399.7372930740458,147.68670108722296,547.4239941612688
4,160033,12,8971.178577165889,747.5982147638241,6248.252309005924,520.6876924171603,1975.336819284561,164.61140160704676,5610.506419844524,467.5422016537104,16227.532099222622,1352.2943416018852,398,33.166666666666664,True,7333.797121323811,611.1497601103175,1723.2907014792863,143.6075584566072,8316.453507396429,693.0377922830357,True,True,8800.58474646346,733.3820622052884,9022.008859195654,751.8340715996378,32827.923732317286,368,baseline_rev,true,True,True,14.216152558535669,122.23230209497085,446.5383585032708,582.9868131567773
4,160034,15,7172.589681278892,478.1726454185928,4572.223763032387,304.8149175354925,2031.901856109208,135.46012374061385,3346.3468102590464,223.0897873506031,11361.734051295232,757.4489367530155,182,12.133333333333333,True,5305.629635513316,353.70864236755443,1959.28282525427,130.61885501695133,9421.414126271357,628.0942750847571,True,True,7172.589681278892,478.1726454185928,7344.561034677727,489.63740231184846,27642.948406394455,263,baseline,mec,True,True,0.0,124.4640030510384,218.24851862694055,342.71252167797894
4,160035,15,7776.15793845563,518.4105292303753,5894.586112774815,392.972407518321,2293.1616004460584,152.87744002973722,4484.506419844524,298.96709465630164,16227.532099222622,1081.8354732815083,210,14.0,True,6635.3765386014065,442.35843590676046,2150.870118756882,143.39134125045882,10379.35059378441,691.956706252294,True,True,7776.15793845563,518.4105292303753,7776.15793845563,518.4105292303753,30050.789692278155,284,baseline,mec,True,True,0.0,76.05209332361488,289.4809958770232,365.5330892006381
4,160036,14,9244.467377987437,660.3190984276741,6883.04438261027,491.646027329305,2011.2876920851693,143.6634065775121,5907.13834176162,421.9384529829728,17200.691708808103,1228.620836343436,415,29.642857142857142,True,7933.899199515733,566.7070856796952,2026.7608577541132,144.76863269672236,9783.804288770567,698.8431634836119,True,True,8711.42145837077,622.2443898836265,9433.400990852957,673.814356489497,33502.107291853856,330,baseline_rev,mec,True,True,38.07470854404762,55.53730420393127,423.0436791021831,516.655691850162
4,160037,10,7004.347976937219,700.4347976937219,4286.777319310367,428.67773193103665,1624.0221615763871,162.40221615763872,3381.7148883419513,338.17148883419515,10388.574441709756,1038.8574441709757,220,22.0,True,5048.173463553942,504.81734635539425,1666.458575211991,166.6458575211991,8082.292876059957,808.2292876059958,True,True,7004.347976937219,700.4347976937219,7004.347976937219,700.4347976937219,24946.739884686096,329,baseline,mec,True,True,0.0,195.61745133832764,342.4151301977555,538.0325815360832
4,160038,16,4365.721315928526,272.85758224553285,3625.8827260617195,226.61767037885747,1968.6369353430134,123.03980845893834,1698.7961054980024,106.17475659362515,5488.980527490013,343.0612829681258,102,6.375,True,3660.225609610287,228.76410060064293,1961.4295041122846,122.58934400701779,9407.147520561422,587.9467200350889,True,True,6979.589145701035,436.2243216063147,6979.589145701035,436.2243216063147,27907.945728505176,221,baseline,mec,True,True,-163.36673936078182,207.46022100567174,105.7242921417046,149.8177737865945
4,160039,15,10737.729377357033,715.8486251571355,6858.337955923327,457.22253039488845,2057.133734239977,137.1422489493318,5859.13834176162,390.609222784108,17200.691708808103,1146.712780587207,407,27.133333333333333,True,7613.487683646871,507.56584557645806,1754.3493418852513,116.95662279235009,8396.746709426257,559.7831139617505,True,True,10496.415034294305,699.761002286287,10712.788231849014,714.1858821232676,40762.07517147155,392,baseline_rev,true,True,True,16.087622870848524,192.19515670982892,370.42359662712624,578.7063762078037
4,160040,11,6838.59187628959,621.6901705717809,4199.240469467101,381.7491335879183,1633.9883858747028,148.54439871588207,4728.506419844524,429.8642199858659,16227.532099222622,1475.2301908384202,251,22.818181818181817,True,6282.433117451121,571.1302834046473,1553.9266976065965,141.2660634187815,7494.633488032974,681.3303170939067,True,True,6821.953265858935,620.1775696235395,6821.953265858935,620.1775696235395,24809.766329294678,304,baseline,true,True,True,1.512600948241346,49.04728621889221,422.5858846887653,473.14577185589883
4,160041,11,7157.082858200228,650.6438962000207,4414.287646639799,401.2988769672545,1670.340553491534,151.8491412265031,3382.7148883419513,307.51953530381377,10388.574441709756,944.4158583372505,220,20.0,True,5085.708583550919,462.33714395917445,1702.9936952089674,154.8176086553607,8239.96847604484,749.0880432768037,True,True,7157.082858200228,650.6438962000207,7157.082858200228,650.6438962000207,25625.41429100113,331,baseline,mec,True,True,0.0,188.30675224084627,310.48800273267136,498.7947549735176
4,160042,15,10300.223050027796,686.6815366685198,7179.7279090984875,478.6485272732325,1960.1810255506125,130.6787350367075,6137.770263678715,409.1846842452477,18173.85131839358,1211.5900878929053,421,28.066666666666666,True,7907.9928336073135,527.1995222404876,1770.2225699285982,118.01483799523989,8476.112849642992,565.0741899761995,True,True,9251.582834191024,616.7721889460682,10531.617122397161,702.1078081598108,35427.914170955126,360,baseline_rev,mec,True,True,69.90934772245151,89.57266670558069,396.52078720378006,556.0028016318123
4,160043,13,7141.059026317619,549.312232793663,4277.170067582924,329.01308212176343,1932.5500787641136,148.65769836647027,2652.4510445077594,204.0346957313661,8442.255222538799,649.4042478875999,163,12.538461538461538,True,4625.497522057584,355.80750169673723,1973.0464775498249,151.77280596537113,9540.232387749122,733.8640298268555,True,True,7141.059026317619,549.312232793663,7141.059026317619,549.312232793663,27080.295131588093,278,baseline,mec,True,True,0.0,193.50473109692575,207.149803330267,400.65453442719274
4,160044,12,7621.203546437998,635.1002955364999,4236.1707255345045,353.01422712787536,1743.814289403448,145.31785745028733,3320.0829664248554,276.6735805354046,9415.414832124277,784.6179026770232,242,20.166666666666668,True,5099.748418022602,424.97903483521685,1779.6654515977466,148.30545429981223,8598.327257988733,716.527271499061,True,True,7621.203546437998,635.1002955364999,7621.203546437998,635.1002955364999,27251.017732189994,355,baseline,mec,True,True,0.0,210.12126070128298,279.6611773849295,489.7824380862125
4,160045,11,9503.61372947792,863.9648844979928,6764.06036330529,614.914578482299,2000.7217673297564,181.88379702997784,6251.770263678715,568.3427512435196,18173.85131839358,1652.1683016721436,440,40.0,True,8151.465417889784,741.042310717253,1899.6951542110683,172.69955947373347,9223.475771055339,838.4977973686672,True,True,8713.941606325845,792.1765096659859,9427.662404123104,857.0602185566459,32199.70803162922,376,baseline_rev,mec,True,True,71.78837483200682,51.13419894873286,559.1585136872752,682.0810874680149
4,160046,15,7237.5493507305055,482.50329004870036,4430.832249632402,295.3888166421601,1814.5757273758268,120.97171515838845,2333.819122590664,155.58794150604427,7469.095612953321,497.93970753022137,142,9.466666666666667,True,4179.306767112633,278.6204511408422,1845.4876445219688,123.03250963479792,8852.438222609842,590.1625481739895,True,True,7237.5493507305055,482.50329004870036,7237.5493507305055,482.50329004870036,28702.746753652522,239,baseline,mec,True,True,0.0,203.88283890785817,157.64873598245373,361.53157489031196
4,160047,16,6114.212967462195,382.13831046638717,4598.91822610718,287.43238913169876,2058.5986320892716,128.66241450557948,3198.346810259046,199.89667564119037,11361.734051295232,710.108378205952,157,9.8125,True,5346.887684688056,334.1804802930035,2148.54087442901,134.2838046518131,10342.704372145054,646.4190232590659,True,True,7075.311263158649,442.20695394741557,7075.311263158649,442.20695394741557,27981.556315793245,234,baseline,mec,True,True,-60.0686434810284,108.02647365441209,205.518065787424,253.4758959608077
4,160048,12,8589.092249157397,715.757687429783,5946.2245374804115,495.51871145670094,1796.165032909962,149.6804194091635,5737.506419844524,478.1255349870437,16227.532099222622,1352.2943416018852,419,34.916666666666664,True,7318.609756591799,609.8841463826499,1581.1033367472746,131.7586113956062,7605.516683736376,633.7930569780314,True,True,8216.899380990146,684.7416150825121,8589.092249157397,715.757687429783,30504.49690495071,347,baseline_rev,mec,True,True,31.016072347270892,74.85746869986224,460.2037269734864,566.0772680206195
4,160049,14,7079.771309502983,505.6979506787845,5054.820327732766,361.0585948380547,1624.0271606746483,116.00194004818916,3855.610654093238,275.4007610066598,13308.05327046619,950.5752336047278,202,14.428571428571429,True,5309.167788603737,379.2262706145526,1453.557134510499,103.82550960789278,6917.785672552491,494.12754803946365,True,True,7030.811278106727,502.2008055790519,7030.811278106727,502.2008055790519,26389.056390533624,284,baseline,true,True,True,3.4971450997326037,122.97453496449927,263.22433056636345,389.69601063059537
