mode,seed,sources,orig_v,orig_dist,first_noncoverage_index,undiscovered_true_at_first,noncoverage_stops,coverage_tasks_after_first,coverage_visits_after_first,unknown_opportunities,shadow_signal_events,shadow_absent_channels,valid_deleted_tasks,valid_whole_waypoints,valid_partial_waypoints,valid_dist_saved,added_shadow_s,valid_new_v,valid_net_s_per_source,valid_recovery_of_B_minus_O0,signal_only_added_s,signal_only_net_s_per_source,gross_deleted_tasks,gross_whole_waypoints,gross_dist_saved,gross_new_v,gross_net_s_per_source,gross_recovery_of_B_minus_O0
3,160000,11,4271.700966525475,17148.504832627375,58,6,34,51,4,40,0,0,0,0,0,0.0,240.0,4511.700966525475,-21.818181818181817,-0.12452630576932554,0.0,0.0,51,4,321.539030917349,3902.3931603420056,33.57343692576999,0.19161890331583994
3,160001,12,4258.876907934016,17589.384539670078,34,3,30,51,5,51,0,0,0,0,0,0.0,305.9999999999991,4564.876907934015,-25.499999999999925,-0.18661585274468737,0.0,0.0,51,5,0.0,3952.8769079340154,25.500000000000075,0.18661585274468845
3,160002,11,3919.9252769673576,15994.626384836793,33,2,28,49,5,49,0,0,0,0,0,0.0,294.0000000000009,4213.9252769673585,-26.72727272727281,-0.2564686110236855,0.0,0.0,49,5,0.0,3625.925276967358,26.727272727272688,0.25646861102368435
3,160003,15,5023.444494703872,20712.22247351936,55,8,52,45,4,34,0,0,0,0,0,0.0,203.9999999999991,5227.444494703871,-13.59999999999994,-0.1006121968325758,0.0,0.0,45,4,321.53903091734537,4690.136688520402,22.220520412231355,0.16438642451747792
3,160004,11,3812.8793233802294,15329.396616901151,33,3,29,53,5,53,0,0,0,0,0,0.0,317.99999999999955,4130.879323380229,-28.909090909090867,-0.18837962226151397,0.0,0.0,53,5,0.0,3492.8793233802294,29.09090909090909,0.18956439976001432
3,160005,15,4103.404157832366,16927.020789161827,30,4,33,40,5,40,0,0,0,0,0,0.0,239.9999999999991,4343.404157832365,-15.99999999999994,-0.13313164546051043,0.0,0.0,40,5,0.0,3862.404157832366,16.066666666666666,0.13368636064992973
3,160006,11,4500.161350234317,18090.806751171593,105,1,37,10,1,10,0,0,0,0,0,0.0,60.0,4560.161350234317,-5.454545454545454,-0.03109896627686309,0.0,0.0,10,1,0.0,4440.161350234317,5.454545454545454,0.03109896627686309
3,160007,10,3727.660477858122,15083.30238929061,35,3,22,56,5,56,0,0,0,0,0,0.0,336.0,4063.660477858122,-33.6,-0.3411738072569423,0.0,0.0,56,5,0.0,3391.660477858122,33.6,0.3411738072569423
3,160008,10,3840.1971684467367,15520.985842233686,33,3,24,57,5,57,0,0,0,0,0,0.0,341.99999999999955,4182.197168446736,-34.19999999999995,-0.24965521515476727,0.0,0.0,57,5,0.0,3497.1971684467367,34.3,0.25038520116399204
3,160009,15,4703.666545602521,19193.332728012603,57,9,44,48,4,36,0,0,0,0,0,0.0,216.0,4919.666545602521,-14.4,-0.10635479811745276,0.0,0.0,48,4,321.539030917349,4352.358739419052,23.420520412231294,0.17297810557281532
3,160010,12,3960.887789463189,15924.438947315943,37,7,29,57,5,57,0,0,0,0,0,0.0,341.99999999999955,4302.887789463189,-28.49999999999996,-0.20849248719383506,0.0,0.0,57,5,0.0,3618.8877894631887,28.50000000000004,0.20849248719383565
3,160011,12,4216.160064771495,17485.800323857475,34,5,28,52,5,52,0,0,0,0,0,0.0,312.0,4528.160064771495,-26.0,-0.204054207933534,0.0,0.0,52,5,0.0,3904.1600647714945,26.00000000000004,0.2040542079335343
3,160012,16,5279.549465739429,21872.747328697144,56,10,55,43,4,43,0,0,0,0,0,0.0,257.9999999999991,5537.549465739428,-16.124999999999943,-0.1352898733133477,0.0,0.0,43,4,0.0,5021.549465739429,16.125,0.13528987331334819
3,160013,11,4302.904481386375,17814.52240693187,35,4,26,57,5,57,0,0,0,0,0,0.0,342.0000000000009,4644.904481386376,-31.090909090909175,-0.20737601992779756,0.0,0.0,57,5,0.0,3960.9044813863734,31.090909090909214,0.20737601992779783
3,160014,15,3901.3849659175476,15811.924829587739,33,8,31,44,5,44,0,0,0,0,0,0.0,264.0,4165.384965917548,-17.6,-0.15589040571073534,0.0,0.0,44,5,0.0,3637.3849659175476,17.6,0.15589040571073534
3,160015,16,4776.319244593132,19566.59622296566,57,12,53,38,4,38,0,0,0,0,0,0.0,228.0,5004.319244593132,-14.25,-0.12687219308493045,0.0,0.0,38,4,464.2570763860749,4456.467829315917,19.990713454825936,0.17798355490148726
3,160016,12,4605.419049019972,19152.09524509986,35,7,29,58,5,58,0,0,0,0,0,0.0,347.9999999999991,4953.419049019971,-28.999999999999925,-0.20746742188115208,0.0,0.0,58,5,0.0,4256.419049019972,29.083333333333332,0.20806359263368465
3,160017,13,3797.281388555237,15626.406942776186,34,3,29,41,5,41,0,0,0,0,0,0.0,246.0,4043.281388555237,-18.923076923076923,-0.19111928915856663,0.0,0.0,41,5,0.0,3550.281388555237,19.0,0.191896196838073
3,160018,16,5147.453088603987,21232.26544301995,57,12,54,45,4,30,0,0,0,0,0,0.0,179.99999999999818,5327.453088603986,-11.249999999999886,-0.09537200094546748,0.0,0.0,45,4,1321.5374333714135,4615.145601929709,33.269217917142385,0.282040167346551
3,160019,12,3611.0555066246698,14540.27753312335,36,4,30,45,5,45,0,0,0,0,0,0.0,269.9999999999991,3881.055506624669,-22.499999999999925,-0.27807023463020064,0.0,0.0,45,5,0.0,3341.0555066246693,22.50000000000004,0.27807023463020203
3,160020,15,4410.110218087124,18355.55109043562,33,5,37,43,5,43,0,0,0,0,0,0.0,258.0,4668.110218087124,-17.2,-0.13880817048858743,0.0,0.0,43,5,0.0,4152.110218087124,17.2,0.13880817048858743
3,160021,10,4475.783490125836,18153.91745062917,58,8,30,56,4,18,0,0,0,0,0,0.0,108.0,4583.783490125836,-10.8,-0.0564348222529061,0.0,0.0,56,4,3018.282942077867,3539.126901710261,93.66565884155747,0.48944488962265176
3,160022,15,4351.361107649117,18036.805538245586,47,6,36,31,4,31,0,0,0,0,0,0.0,186.0,4537.361107649117,-12.4,-0.11515024561392445,0.0,0.0,31,4,0.0,4165.361107649117,12.4,0.11515024561392445
3,160023,14,4342.918431744515,18004.59215872257,35,7,35,46,5,46,0,0,0,0,0,0.0,275.9999999999991,4618.918431744514,-19.714285714285648,-0.1421563902135255,0.0,0.0,46,5,0.0,4064.9184317445133,19.857142857142986,0.14318650898319013
3,160024,15,4575.373906976424,18696.869534882127,56,10,47,38,4,24,0,0,0,0,0,0.0,144.0,4719.373906976424,-9.6,-0.091245798200371,0.0,0.0,38,4,643.078061834698,4220.758294609485,23.641040824462593,0.22470267086621318
3,160025,13,4027.5843474778208,16402.921737389104,31,4,28,52,5,52,0,0,0,0,0,0.0,311.99999999999955,4339.58434747782,-23.999999999999964,-0.1622345546439261,0.0,0.0,52,5,0.0,3714.5843474778208,24.076923076923077,0.16275453719086203
3,160026,13,4659.238300520703,19641.19150260352,35,5,32,48,5,39,0,0,0,0,0,0.0,234.0,4893.238300520703,-18.0,-0.13798326293782848,0.0,0.0,48,5,321.53903091734537,4306.9304943372335,27.100600475651497,0.20774607117804778
3,160027,15,4570.3121441671965,18601.56072083599,71,5,46,25,3,19,0,0,0,0,0,0.0,114.0,4684.3121441671965,-7.6,-0.06107242846318733,0.0,0.0,25,3,321.539030917349,4357.004337983727,14.220520412231297,0.11427390994543304
3,160028,13,4105.803153128238,16879.01576564119,34,5,30,48,5,40,0,0,0,0,0,0.0,239.9999999999991,4345.803153128237,-18.461538461538392,-0.15459753866827353,0.0,0.0,48,5,321.539030917349,3754.495346944768,27.023677398728452,0.2262971756288147
3,160029,16,4292.826464162887,17719.132320814428,32,7,34,45,5,45,0,0,0,0,0,0.0,270.0,4562.826464162887,-16.875,-0.13283028770360966,0.0,0.0,45,5,0.0,4022.826464162886,16.87500000000003,0.13283028770360988
3,160030,16,4412.073619499101,18130.3680974955,54,8,52,27,3,221,0,0,0,0,0,0.0,1344.0,5756.073619499101,-84.0,-0.9214114614216166,0.0,0.0,27,3,392.2235662096318,4171.628906257174,15.027794577620455,0.1648426448060608
3,160031,14,4474.881082214741,18524.40541107371,35,8,31,52,5,52,0,0,0,0,0,0.0,312.0,4786.881082214741,-22.285714285714285,-0.1846913524194223,0.0,0.0,52,5,0.0,4162.881082214741,22.285714285714285,0.1846913524194223
3,160032,10,3497.0904967894867,14070.452483947432,33,1,21,51,5,51,0,0,0,0,0,0.0,306.0,3803.0904967894867,-30.6,-0.4291094746444924,0.0,0.0,51,5,886.3160107905824,3012.8272946313705,48.42632021581162,0.6790912688487871
3,160033,12,4503.663417419707,18108.31708709853,58,8,36,57,4,46,0,0,0,0,0,0.0,275.9999999999991,4779.663417419706,-22.999999999999925,-0.1425110254922052,0.0,0.0,57,4,321.539030917349,4098.355611236238,33.77565051528912,0.20927837354783468
3,160034,15,4422.260242559455,18371.301212797272,33,7,34,47,5,47,0,0,0,0,0,0.0,281.9999999999991,4704.260242559454,-18.79999999999994,-0.15912818376293114,0.0,0.0,47,5,0.0,4140.260242559455,18.8,0.15912818376293164
3,160035,15,4290.55452331923,17882.77261659614,35,5,34,37,5,37,0,0,0,0,0,0.0,221.9999999999991,4512.554523319229,-14.799999999999939,-0.13719051556558684,0.0,0.0,37,5,0.0,4068.5545233192292,14.800000000000031,0.1371905155655877
3,160036,14,4430.971335126706,17859.856675633546,73,7,43,29,3,29,0,0,0,0,0,0.0,174.0000000000009,4604.971335126707,-12.428571428571493,-0.09413755382391228,0.0,0.0,29,3,0.0,4256.971335126706,12.428571428571429,0.0941375538239118
3,160037,10,3763.05250129587,15215.262506479352,33,1,25,52,5,52,0,0,0,0,0,0.0,312.0,4075.05250129587,-31.2,-0.27554527017412106,0.0,0.0,52,5,0.0,3450.05250129587,31.3,0.2764284280913458
3,160038,16,4740.279195651799,20051.395978258995,37,8,50,36,4,215,0,4,0,0,0,0.0,1303.9999999999973,6044.279195651796,-81.49999999999983,-0.8625529789905088,0.0,0.0,36,4,321.53903091734537,4458.971389468329,17.58173788646684,0.18607583300370914
3,160039,15,4483.581129811569,18217.90564905783,56,10,45,42,4,30,0,0,0,0,0,0.0,180.0,4663.581129811569,-12.0,-0.0975084774623187,0.0,0.0,42,4,321.53903091734537,4168.273323628099,21.020520412231296,0.17080657840518879
3,160040,11,3928.601420626202,16143.007103131013,33,2,26,48,5,48,0,0,0,0,0,0.0,288.00000000000045,4216.6014206262025,-26.181818181818223,-0.27611906403182895,0.0,0.0,48,5,0.0,3640.601420626202,26.181818181818183,0.2761190640318285
3,160041,11,4616.440410837772,19257.20205418886,35,4,29,54,5,54,0,0,0,0,0,0.0,324.0,4940.440410837772,-29.454545454545453,-0.1926896066084591,0.0,0.0,54,5,0.0,4291.440410837772,29.545454545454547,0.1932843276165099
3,160042,15,4913.763456619575,20128.817283097862,56,10,50,44,4,29,0,0,0,0,0,0.0,174.0,5087.763456619575,-11.6,-0.10842456483554481,0.0,0.0,44,4,1200.0,4410.763456619573,33.53333333333345,0.3134342305303405
3,160043,13,4104.357606824855,16671.788034124278,47,4,29,39,4,39,0,0,0,0,0,0.0,234.0000000000009,4338.357606824856,-18.00000000000007,-0.13705069146002236,0.0,0.0,39,4,0.0,3870.3576068248562,17.999999999999893,0.137050691460021
3,160044,12,3913.0129900783786,15765.064950391896,33,5,28,51,5,51,0,0,0,0,0,0.0,306.0,4219.012990078379,-25.5,-0.2230887560248666,0.0,0.0,51,5,0.0,3607.0129900783786,25.5,0.2230887560248666
3,160045,11,4409.494443418114,17787.47221709057,58,7,35,52,4,42,0,0,0,0,0,0.0,252.0,4661.494443418114,-22.90909090909091,-0.1291174189000405,0.0,0.0,52,4,321.539030917349,4034.186637234644,34.11889147122458,0.19229672709304105
3,160046,15,4489.219845535391,18496.09922767694,32,6,40,47,5,47,0,0,0,0,0,0.0,282.0,4771.219845535391,-18.8,-0.15397173137483322,0.0,0.0,47,5,0.0,4207.219845535391,18.8,0.15397173137483322
3,160047,16,3660.4493327941473,15137.24666397074,28,3,33,26,4,142,0,0,0,0,0,0.0,856.0000000000018,4516.449332794149,-53.500000000000114,-0.5694728889774664,0.0,0.0,26,4,0.0,3504.4493327941473,9.75,0.10378244238374366
3,160048,12,4408.862037060963,17859.310185304814,56,8,39,47,4,35,0,0,0,0,0,0.0,210.0,4618.862037060963,-17.5,-0.10147039719847709,0.0,0.0,47,4,321.539030917349,4063.5542308774943,28.775650515289083,0.16685009642462545
3,160049,14,5222.417959267923,22142.08979633961,35,8,38,52,5,52,0,0,0,0,0,0.0,312.0000000000018,5534.417959267925,-22.285714285714416,-0.18888043957412143,0.0,0.0,52,5,0.0,4909.417959267923,22.357142857142858,0.18948582559839636
4,160000,11,9091.261452111055,30626.307260555277,299,9,59,143,10,103,0,0,0,0,0,0.0,617.9999999999982,9709.261452111054,-56.18181818181802,-0.09938871806047517,0.0,0.0,143,10,198.95765751286672,8195.469920608484,81.43559377296101,0.14406403230658668
4,160001,12,7530.095838413183,28340.479192065904,34,6,40,224,23,192,0,0,0,0,0,0.0,1151.9999999999982,8682.09583841318,-95.99999999999984,-0.4143352038768815,0.0,0.0,224,23,2990.9086472289273,5592.914108967396,161.43181078714892,0.6967383566115376
4,160002,11,7740.78141041711,28043.907052085546,37,6,42,263,23,244,0,0,0,0,0,0.0,1464.0,9204.78141041711,-133.0909090909091,-0.2870140176340832,0.0,0.0,263,23,361.2944456637488,6089.522521284361,150.1144444666136,0.3237257157950708
4,160003,15,9872.631809082739,34598.15904541371,317,11,93,93,9,74,0,0,0,0,0,0.0,444.0,10316.631809082739,-29.6,-0.07608016417358723,0.0,0.0,93,9,1140.969903625184,9088.4378283577,52.27959871500255,0.13437298828265723
4,160004,11,7325.3413173006375,26506.706586503187,36,5,33,257,23,253,0,0,0,0,0,0.0,1518.0,8843.341317300637,-138.0,-0.3199308149458577,0.0,0.0,257,23,1095.9471133350453,5562.151894633628,160.28994751518266,0.37160647489971843
4,160005,15,6419.24901990046,25131.245099502295,34,5,38,138,23,147,0,0,0,0,0,0.0,882.0,7301.24901990046,-58.8,-0.2891661308339418,0.0,0.0,138,23,4032.442600932336,4788.760499713993,108.69923467909776,0.5345601550470294
4,160006,11,9558.164137993785,32705.82068996891,298,9,77,138,10,129,0,0,0,0,0,0.0,774.0,10332.164137993785,-70.36363636363636,-0.1337868593622818,0.0,0.0,138,10,66.31921917095679,8716.90029415959,76.47853125765405,0.14541349814162532
4,160007,10,7479.947324578837,26139.73662289419,56,5,35,279,22,221,1,0,1,0,1,0.0,1326.000000000001,8799.947324578838,-132.00000000000009,-0.24826508989218188,101.0,-9.5,279,22,915.5947577596744,5625.828373026901,185.41189515519355,0.34872197589230225
4,160008,10,6969.47468653517,24777.373432675853,35,3,28,262,23,210,0,0,0,0,0,0.0,1259.9999999999982,8229.474686535168,-125.99999999999982,-0.2578071654973784,0.0,0.0,262,23,2377.4612489859755,4925.982436737973,204.34922497971965,0.41811662272704503
4,160009,15,9626.493987191898,33757.4699359595,298,11,89,99,10,78,0,0,0,0,0,0.0,468.0,10094.493987191898,-31.2,-0.08143869359120867,0.0,0.0,99,10,132.6384383419063,9005.966299523516,41.36851251122547,0.10798069277967223
4,160010,12,6845.072741438297,24880.363707191493,36,6,33,233,23,227,0,0,0,0,0,0.0,1362.000000000001,8207.072741438298,-113.50000000000007,-0.32645868714939263,0.0,0.0,233,23,3220.6745109785443,4805.93783924259,169.92790851630897,0.48876160285705983
4,160011,12,7084.696636845841,26328.483184229204,36,6,31,219,23,196,1,0,1,0,1,0.0,1175.999999999999,8254.69663684584,-97.49999999999993,-0.6468805649810767,25.0,-1.5833333333333333,219,23,3761.57990215069,5025.380656415702,171.60966503584487,1.1385739187138537
4,160012,16,9456.409630148475,33322.04815074239,298,12,86,91,9,399,0,0,0,0,0,0.0,2438.999999999998,11895.409630148473,-152.4374999999999,-0.4390726550198163,0.0,0.0,91,9,0.0,8909.409630148477,34.187499999999886,0.09847180905938453
4,160013,11,6979.8588433599,25744.294216799495,34,2,33,216,23,198,0,0,0,0,0,0.0,1188.0,8167.8588433599,-108.0,-1.0286311862325137,0.0,0.0,216,23,3233.2149728611985,5036.215848787659,176.69481768838557,1.682905554814276
4,160014,15,7479.355539624971,28666.777698124853,33,8,42,196,23,174,0,0,0,0,0,0.0,1044.000000000001,8523.355539624972,-69.60000000000007,-0.24062463623721997,0.0,0.0,196,23,863.7966532853461,6133.596208967901,89.71728871047138,0.31017514310555744
4,160015,16,10734.145247787988,38100.726238939984,317,12,115,104,8,502,0,0,0,0,0,0.0,3090.9999999999927,13825.145247787981,-193.18749999999955,-0.5204532194886691,0.0,0.0,104,8,393.3957698369268,10033.466093820603,43.79244712296156,0.11797823407017898
4,160016,12,7143.102771216185,25710.51385608093,38,10,33,256,23,233,1,0,1,0,1,0.0,1397.9999999999982,8535.102771216183,-115.99999999999984,-0.3668723316541438,89.0,-6.916666666666667,256,23,1597.8106966578962,5287.540631884607,154.63017827763147,0.4890477073173334
4,160017,13,7347.945815755287,28134.729078776432,34,6,41,197,23,203,0,0,0,0,0,0.0,1218.0,8565.945815755287,-93.6923076923077,-0.3140801685233905,0.0,0.0,197,23,2881.001811415492,5586.745453472189,135.47695094485368,0.45415279687137255
4,160018,16,10328.022616076658,36315.113080383315,318,13,96,106,9,78,0,0,0,0,0,0.0,467.9999999999982,10796.022616076656,-29.249999999999886,-0.07988108178925987,0.0,0.0,106,9,937.6551952914815,9504.491577018362,51.47068994114352,0.1405652783910474
4,160019,12,6878.826894062313,25779.134470311565,34,5,32,208,23,180,0,0,0,0,0,0.0,1079.999999999999,7958.826894062312,-89.99999999999993,-0.5203744377695741,0.0,0.0,208,23,3207.3453415583645,4993.357825750639,157.12242235930617,0.9084721355135286
4,160020,15,7747.876066650629,30234.380333253164,35,8,49,174,23,168,0,0,0,0,0,0.0,1008.0000000000027,8755.876066650631,-67.20000000000019,-0.2883021294139493,0.0,0.0,174,23,2132.1293717540175,6276.450192299824,98.09505829005363,0.4208484254465456
4,160021,10,8733.345093858696,28926.725469293495,318,8,39,137,9,64,0,0,0,0,0,0.0,384.0,9117.345093858696,-38.4,-0.06585934929383785,0.0,0.0,137,9,459.71498900788356,7824.40209605712,90.8942997801576,0.1558916520322971
4,160022,15,7156.580225062551,27937.90112531276,37,7,42,168,23,183,2,0,2,0,2,0.0,1098.0,8242.580225062551,-72.4,-0.443698919307897,90.0,-5.2,168,23,318.5003022423625,6081.880164614079,71.6466706965648,0.4390821872938477
4,160023,14,6483.417250718245,25237.086253591227,30,3,34,153,23,154,1,0,1,0,1,0.0,924.0,7401.417250718245,-65.57142857142857,-0.5903924025756907,54.0,-3.4285714285714284,153,23,3694.074119930454,4829.6024267321545,118.12963028472073,1.0636162389416568
4,160024,15,10234.901878734872,35944.50939367436,299,13,96,121,10,75,0,0,0,0,0,0.0,450.0000000000018,10684.901878734874,-30.00000000000012,-0.07929814337113576,0.0,0.0,121,10,393.39576983693405,9432.222724767485,53.511943597825784,0.14144659251628341
4,160025,13,7191.19093680943,27045.954684047152,36,7,43,203,23,229,0,0,0,0,0,0.0,1373.999999999999,8565.19093680943,-105.69230769230762,-0.5120286377639491,0.0,0.0,203,23,502.1089474988912,5867.769147309653,101.80167611536748,0.4931803901489805
4,160026,13,7010.733171405326,26123.665857026637,35,7,39,208,23,222,1,0,1,0,1,0.0,1331.999999999999,8336.733171405325,-101.99999999999993,-0.3547126038247676,113.0,-8.23076923076923,208,23,1842.0851810865788,5395.31613518801,124.26284893979356,0.43213332064821536
4,160027,15,10329.392416489136,36461.96208244569,298,13,99,120,10,80,0,0,0,0,0,0.0,480.00000000000364,10809.39241648914,-32.00000000000024,-0.08267920872741605,0.0,0.0,120,10,198.95765751286672,9571.600884986561,50.51943543350499,0.1305283420936858
4,160028,13,7194.434171900619,26207.17085950311,38,9,44,229,23,241,0,0,0,0,0,0.0,1446.0000000000018,8640.43417190062,-111.23076923076937,-0.3209491427510249,0.0,0.0,229,23,932.1449324470777,5635.005185411203,119.95607588380125,0.34612544702273657
4,160029,16,7490.411027634658,29012.05513817328,32,7,53,177,21,303,0,0,0,0,0,0.0,1831.0,9321.411027634658,-114.4375,-0.4061811867941037,0.0,0.0,177,21,605.4412866686253,6307.322770300931,73.94301608335797,0.26245122471107674
4,160030,16,10912.873947583692,39124.369737918474,298,11,120,111,10,57,0,0,0,0,0,0.0,342.0000000000018,11254.873947583694,-21.375000000000114,-0.055920027352780774,0.0,0.0,111,10,897.1402516074377,10069.445897262207,52.71425314509281,0.13790795217567178
4,160031,14,7405.351461277331,27561.757306386648,35,9,41,217,23,206,0,0,0,0,0,0.0,1236.0000000000036,8641.351461277334,-88.28571428571455,-0.3551407832654087,0.0,0.0,217,23,408.67204208133626,6020.617052861064,98.90960060116193,0.3978767495303511
4,160032,10,6848.399221425234,24651.996107126168,35,3,28,244,23,181,0,0,0,0,0,0.0,1086.0,7934.399221425234,-108.6,-0.7353404145432257,0.0,0.0,244,23,4385.920430599708,4513.215135305291,233.51840861199426,1.5811742485471292
4,160033,12,8971.178577165889,30865.89288582945,298,8,57,116,10,70,0,0,0,0,0,0.0,419.9999999999982,9391.178577165887,-34.99999999999985,-0.0783807243734101,0.0,0.0,116,10,521.5146629900337,8174.8756445678855,66.35857771650028,0.1486066682802441
4,160034,15,7172.589681278892,27642.948406394455,35,8,41,182,23,199,0,0,0,0,0,0.0,1194.0,8366.589681278892,-79.6,-0.3647218340852197,0.0,0.0,182,23,1589.6037465046102,5762.66893197797,93.99471662006151,0.43067745527624773
4,160035,15,7776.15793845563,30050.789692278155,38,10,51,182,23,168,1,0,1,0,1,0.0,1008.0,8778.15793845563,-66.8,-0.23075780777118043,118.0,-7.466666666666667,182,23,381.84333631208574,6608.789271193213,77.82457781749447,0.26884175101620755
4,160036,14,9244.467377987437,31662.33688993719,298,12,73,123,10,79,0,0,0,0,0,0.0,474.0000000000018,9718.46737798744,-33.85714285714299,-0.08003226269447473,0.0,0.0,123,10,327.0765506659736,8444.052067854243,57.172522152371,0.13514567165666455
4,160037,10,7004.347976937219,24946.739884686096,36,3,29,264,23,212,0,0,0,0,0,0.0,1272.0,8276.347976937219,-127.2,-0.3714789119468465,0.0,0.0,264,23,1080.9373785252465,5207.160501232169,179.718747570505,0.5248563270750092
4,160038,16,4365.721315928526,16708.60657964263,47,5,42,55,8,197,0,0,0,0,0,0.0,1189.0,5554.721315928526,-74.3125,-0.702889548793548,0.0,0.0,55,8,0.0,4035.7213159285257,20.625,0.19508288570384427
4,160039,15,10737.729377357033,38308.646886785195,298,11,116,114,10,95,0,0,0,0,0,0.0,569.9999999999964,11307.729377357029,-37.99999999999976,-0.10258525738102778,0.0,0.0,114,10,825.7679022145021,9888.575796914132,56.61023869619336,0.15282568176448558
4,160040,11,6838.59187628959,24917.95938144795,33,4,30,236,23,171,0,0,0,0,0,0.0,1026.999999999999,7865.591876289589,-93.36363636363627,-0.22093411007421282,0.0,0.0,236,23,7081.982489715436,4018.1953783465033,256.3996816311897,0.6067398153159521
4,160041,11,7157.082858200228,25625.41429100113,38,7,35,254,23,238,0,0,0,0,0,0.0,1428.000000000001,8585.082858200229,-129.8181818181819,-0.4181101384775717,0.0,0.0,254,23,897.1402516074377,5453.654807878739,154.8570954837717,0.4987538781558104
4,160042,15,10300.223050027796,36146.11525013901,317,11,101,104,9,51,0,0,0,0,0,0.0,306.0,10606.223050027796,-20.4,-0.051447491930646315,0.0,0.0,104,9,1784.830217355673,9324.257006556667,65.0644028980753,0.16408825211132597
4,160043,13,7141.059026317619,27080.295131588093,35,7,36,198,23,177,0,0,0,0,0,0.0,1062.000000000001,8203.05902631762,-81.69230769230776,-0.39436343351030145,0.0,0.0,198,23,1800.6744540267828,5597.924135512262,118.70268390810438,0.5730282240184031
4,160044,12,7621.203546437998,27251.017732189994,75,10,43,239,21,217,2,0,2,0,1,0.0,1302.000000000001,8911.203546437999,-107.50000000000007,-0.3843937188751644,36.0,-2.0,239,21,1470.955161484162,5892.012514141165,144.0992526914027,0.5152636988760958
4,160045,11,9503.61372947792,32708.06864738961,299,8,59,141,10,70,0,0,0,0,0,0.0,420.0000000000018,9923.613729477922,-38.18181818181835,-0.068284426056638,0.0,0.0,141,10,988.8705939056963,8462.839610696781,94.61582898010353,0.16921110322755462
4,160046,15,7237.5493507305055,28702.746753652522,35,9,37,162,23,125,0,0,0,0,0,0.0,750.0,7987.5493507305055,-50.0,-0.317160804927513,0.0,0.0,162,23,4215.523538771104,5427.444642976284,120.67364718361478,0.7654590214858794
4,160047,16,6114.212967462195,24021.06483731098,35,8,48,122,16,251,0,0,0,0,0,0.0,1515.0,7629.212967462195,-94.6875,-0.46072592030882226,0.0,0.0,122,16,66.31921917095679,5366.949123628003,46.703990239636994,0.22725004763301393
4,160048,12,8589.092249157397,28565.461245786984,318,9,47,117,9,95,0,0,0,0,0,0.0,570.0,9159.092249157397,-47.5,-0.1032151571487308,0.0,0.0,117,9,2001.6338681972484,7487.765475517947,91.77723113662076,0.1994273965145621
4,160049,14,7079.771309502983,26633.85654751491,36,7,46,196,23,158,0,0,0,0,0,0.0,948.0,8027.771309502983,-67.71428571428571,-0.25724934153537055,0.0,0.0,196,23,2244.966120570367,5459.778085388911,115.71380172243373,0.4396014664505349
