mode,seed,method,sources,success,cleared,virtual_time_s,distance_m,measure_calls,clear_calls,failed_clear
3,170000,G25OR,12,True,12,4467.9280869808845,18039.64043490442,136,12,0
3,170000,O1,12,True,12,4132.928086980885,18039.64043490442,80,12,0
3,170000,O2,12,True,12,4136.553294655472,17137.76647327736,109,12,0
3,170000,O3,12,True,12,3802.553294655472,17137.76647327736,53,12,0
3,170000,O0,12,True,12,1904.1429730936845,9220.714865468422,0,12,0
3,170001,G25OR,15,True,15,4576.076474790784,19125.382373953926,114,15,0
3,170001,O1,15,True,15,4366.076474790785,19125.382373953926,79,15,0
3,170001,O2,15,True,15,3741.3425956928236,16201.712978464118,72,15,0
3,170001,O3,15,True,15,3531.3425956928236,16201.712978464118,37,15,0
3,170001,O0,15,True,15,1896.4608436962521,9107.304218481264,0,15,0
3,170002,G25OR,12,True,12,3858.8812796780353,15619.406398390176,113,12,0
3,170002,O1,12,True,12,3523.8812796780353,15619.406398390176,57,12,0
3,170002,O2,12,True,12,3338.594640545598,13837.973202727992,86,12,0
3,170002,O3,12,True,12,3005.594640545598,13837.973202727992,30,12,0
3,170002,O0,12,True,12,1571.8406344792816,7559.2031723964055,0,12,0
3,170003,G25OR,16,True,16,4014.0149082400567,16300.074541200282,115,16,0
3,170003,O1,16,True,16,3894.0149082400567,16300.074541200282,95,16,0
3,170003,O2,16,True,16,3171.5532569837032,13042.766284918516,81,16,0
3,170003,O3,16,True,16,3051.5532569837032,13042.766284918516,61,16,0
3,170003,O0,16,True,16,1780.2345366564075,8501.172683282035,0,16,0
3,170004,G25OR,11,True,11,4030.0405691044607,16240.202845522308,122,11,0
3,170004,O1,11,True,11,3653.040569104461,16240.202845522308,59,11,0
3,170004,O2,11,True,11,3546.123217493792,14605.61608746896,96,11,0
3,170004,O3,11,True,11,3298.4538422718265,15242.269211359135,33,11,0
3,170004,O0,11,True,11,1835.7354098237602,8903.6770491188,0,11,0
3,170005,G25OR,15,True,15,4155.823320103857,17109.11660051928,111,15,0
3,170005,O1,15,True,15,3945.823320103857,17109.11660051928,76,15,0
3,170005,O2,15,True,15,3996.8835571946747,17379.41778597337,75,15,0
3,170005,O3,15,True,15,3493.996715959241,15909.983579796204,40,15,0
3,170005,O0,15,True,15,2024.6696274891983,9748.348137445993,0,15,0
3,170006,G25OR,13,True,13,4473.469092560661,18127.345462803307,133,13,0
3,170006,O1,13,True,13,4180.469092560661,18127.345462803307,84,13,0
3,170006,O2,13,True,13,4108.121567858331,17125.607839291657,104,13,0
3,170006,O3,13,True,13,3814.121567858331,17125.607839291657,55,13,0
3,170006,O0,13,True,13,2134.6405346990077,10348.202673495038,0,13,0
3,170007,G25OR,15,True,15,4142.356872570016,17176.784362850078,106,15,0
3,170007,O1,15,True,15,3932.3568725700156,17176.784362850078,71,15,0
3,170007,O2,15,True,15,3635.692816225702,15608.464081128512,74,15,0
3,170007,O3,15,True,15,3425.692816225702,15608.464081128512,39,15,0
3,170007,O0,15,True,15,1799.846754091647,8624.233770458233,0,15,0
3,170008,G25OR,11,True,11,4185.786806726756,17163.93403363378,117,11,0
3,170008,O1,11,True,11,3808.7868067267555,17163.93403363378,54,11,0
3,170008,O2,11,True,11,3734.9181177610762,15639.590588805377,93,11,0
3,170008,O3,11,True,11,3358.9181177610753,15639.590588805377,30,11,0
3,170008,O0,11,True,11,1856.9140743569678,9009.570371784837,0,11,0
3,170009,G25OR,15,True,15,4762.783007971137,19658.91503985568,129,15,0
3,170009,O1,15,True,15,4552.783007971137,19658.91503985568,94,15,0
3,170009,O2,15,True,15,3909.9464187898934,16444.73209394947,92,15,0
3,170009,O3,15,True,15,3507.732573193292,15478.662865966462,57,15,0
3,170009,O0,15,True,15,2069.212982138142,9971.064910690704,0,15,0
3,170010,G25OR,11,True,11,3679.0023603933573,15015.011801966783,104,11,0
3,170010,O1,11,True,11,3301.002360393357,15015.011801966783,41,11,0
3,170010,O2,11,True,11,3570.958258965844,15179.79129482922,81,11,0
3,170010,O3,11,True,11,2868.3708850212483,13541.85442510624,18,11,0
3,170010,O0,11,True,11,1328.7631688068739,6368.81584403437,0,11,0
3,170011,G25OR,16,True,16,3600.635385827672,14903.176929138359,91,16,0
3,170011,O1,16,True,16,3457.635385827672,14903.176929138359,67,16,0
3,170011,O2,16,True,16,3446.156089528851,15210.780447644254,55,16,0
3,170011,O3,16,True,16,3304.1560895288508,15210.780447644254,31,16,0
3,170011,O0,16,True,16,1657.3506045305523,7886.75302265276,0,16,0
3,170012,G25OR,10,True,10,4637.934713862786,18534.673569313938,149,10,0
3,170012,O1,10,True,10,4218.934713862787,18534.673569313938,79,10,0
3,170012,O2,10,True,10,4011.923364045996,15994.616820229981,128,10,0
3,170012,O3,10,True,10,3592.923364045996,15994.616820229981,58,10,0
3,170012,O0,10,True,10,1799.857767264184,8749.28883632092,0,10,0
3,170013,G25OR,13,True,13,4005.1406973810494,16300.703486905244,113,14,1
3,170013,O1,13,True,13,3712.140697381049,16300.703486905244,64,14,1
3,170013,O2,13,True,13,3447.3829732527443,14536.914866263716,80,13,0
3,170013,O3,13,True,13,2957.0309474844325,13545.154737422157,31,13,0
3,170013,O0,13,True,13,1851.3299730271544,8931.649865135772,0,13,0
3,170014,G25OR,15,True,15,4492.941450132469,19049.707250662348,102,15,0
3,170014,O1,15,True,15,4282.941450132469,19049.707250662348,67,15,0
3,170014,O2,15,True,15,3733.848162359173,16379.240811795862,65,15,0
3,170014,O3,15,True,15,3741.7722485977183,17453.86124298859,30,15,0
3,170014,O0,15,True,15,2155.317954916848,10401.589774584241,0,15,0
3,170015,G25OR,10,True,10,4623.505974966139,18957.529874830696,133,10,0
3,170015,O1,10,True,10,4206.505974966139,18957.529874830696,63,10,0
3,170015,O2,10,True,10,4088.167603334239,16955.838016671194,109,10,0
3,170015,O3,10,True,10,3671.167603334239,16955.838016671194,39,10,0
3,170015,O0,10,True,10,1731.1267340221882,8405.633670110941,0,10,0
3,170016,G25OR,12,True,12,3937.4986136768625,15757.493068384318,122,12,0
3,170016,O1,12,True,12,3601.498613676863,15757.493068384318,66,12,0
3,170016,O2,12,True,12,3365.6918624784826,13703.459312392411,95,12,0
3,170016,O3,12,True,12,3030.691862478482,13703.459312392411,39,12,0
3,170016,O0,12,True,12,1518.8584797514927,7294.292398757463,0,12,0
3,170017,G25OR,10,True,10,3595.8310977348688,14299.155488674343,115,10,0
3,170017,O1,10,True,10,3176.831097734869,14299.155488674343,45,10,0
3,170017,O2,10,True,10,3035.5496767653362,12292.748383826678,89,10,0
3,170017,O3,10,True,10,2616.5496767653362,12292.748383826678,19,10,0
3,170017,O0,10,True,10,1413.4466753268205,6817.2333766341035,0,10,0
3,170018,G25OR,12,True,12,4608.599670640994,18567.998353204977,142,12,0
3,170018,O1,12,True,12,4272.599670640994,18567.998353204977,86,12,0
3,170018,O2,12,True,12,3907.2929888784033,16001.464944392015,109,12,0
3,170018,O3,12,True,12,3572.292988878404,16001.464944392015,53,12,0
3,170018,O0,12,True,12,1995.204307745072,9676.021538725361,0,12,0
3,170019,G25OR,12,True,12,4584.973348833011,19099.866744165054,119,12,0
3,170019,O1,12,True,12,4248.973348833012,19099.866744165054,63,12,0
3,170019,O2,12,True,12,3719.4817272692717,15512.408636346354,94,12,0
3,170019,O3,12,True,12,3386.3459817186854,15511.729908593421,38,12,0
3,170019,O0,12,True,12,1731.1799000839285,8355.899500419644,0,12,0
3,170020,G25OR,13,True,13,4280.020722167414,17890.103610837068,107,13,0
3,170020,O1,13,True,13,3987.0207221674136,17890.103610837068,58,13,0
3,170020,O2,13,True,13,3998.784009718113,17298.920048590568,80,13,0
3,170020,O3,13,True,13,3600.693621472216,16763.468107361085,31,13,0
3,170020,O0,13,True,13,1771.319869628101,8531.599348140506,0,13,0
3,170021,G25OR,10,True,10,4494.672326948041,18163.361634740206,138,10,0
3,170021,O1,10,True,10,4075.672326948041,18163.361634740206,68,10,0
3,170021,O2,10,True,10,3873.9585285265607,15759.792642632807,113,10,0
3,170021,O3,10,True,10,3454.9585285265616,15759.792642632807,43,10,0
3,170021,O0,10,True,10,1716.217609496656,8331.08804748328,0,10,0
3,170022,G25OR,12,True,12,4379.865435010444,18359.327175052236,110,12,0
3,170022,O1,12,True,12,4043.865435010446,18359.327175052236,54,12,0
3,170022,O2,12,True,12,3652.751529335086,15473.757646675425,84,12,0
3,170022,O3,12,True,12,3047.619634397626,14113.098171988127,28,12,0
3,170022,O0,12,True,12,1725.132342661117,8325.661713305586,0,12,0
3,170023,G25OR,10,True,10,4201.782997153597,17263.91498576798,117,11,1
3,170023,O1,10,True,10,3781.782997153597,17263.91498576798,47,11,1
3,170023,O2,10,True,10,3839.751074993773,16193.755374968867,93,10,0
3,170023,O3,10,True,10,3117.9071269757287,14669.535634878646,23,10,0
3,170023,O0,10,True,10,1640.2886466436998,7951.4432332185,0,10,0
3,170024,G25OR,16,True,16,5013.533939434403,20602.66969717202,139,16,0
3,170024,O1,16,True,16,4846.533939434403,20602.66969717202,111,16,0
3,170024,O2,16,True,16,4162.915212257801,17449.576061289,100,16,0
3,170024,O3,16,True,16,3996.9152122578007,17449.576061289,72,16,0
3,170024,O0,16,True,16,1955.9230483176416,9379.615241588206,0,16,0
3,170025,G25OR,16,True,16,4289.083178702277,18225.415893511385,95,16,0
3,170025,O1,16,True,16,4146.083178702277,18225.415893511385,71,16,0
3,170025,O2,16,True,16,3320.1432193681226,14605.71609684062,54,16,0
3,170025,O3,16,True,16,3177.1432193681235,14605.71609684062,30,16,0
3,170025,O0,16,True,16,1888.7993900161127,9043.996950080564,0,16,0
3,170026,G25OR,15,True,15,4872.076110125418,20715.380550627095,110,15,0
3,170026,O1,15,True,15,4662.076110125418,20715.380550627095,75,15,0
3,170026,O2,15,True,15,4046.327235085113,17696.636175425567,73,15,0
3,170026,O3,15,True,15,3837.3272350851134,17696.636175425567,38,15,0
3,170026,O0,15,True,15,2121.6558061866276,10233.27903093314,0,15,0
3,170027,G25OR,10,True,10,4660.974535121654,18909.87267560827,141,10,0
3,170027,O1,10,True,10,4240.974535121653,18909.87267560827,71,10,0
3,170027,O2,10,True,10,4128.807316053183,16949.03658026591,116,10,0
3,170027,O3,10,True,10,3709.8073160531826,16949.03658026591,46,10,0
3,170027,O0,10,True,10,1951.4903946847603,9507.4519734238,0,10,0
3,170028,G25OR,12,True,12,4135.16246540763,16870.81232703816,117,12,0
3,170028,O1,12,True,12,3799.162465407631,16870.81232703816,61,12,0
3,170028,O2,12,True,12,3645.036584937153,15375.182924685761,86,12,0
3,170028,O3,12,True,12,3311.036584937153,15375.182924685761,30,12,0
3,170028,O0,12,True,12,1692.6374831522685,8163.187415761342,0,12,0
3,170029,G25OR,16,True,16,4353.761747993638,18778.808739968186,88,16,0
3,170029,O1,16,True,16,4233.761747993637,18778.808739968186,68,16,0
3,170029,O2,16,True,16,3560.23381453313,15891.16907266565,51,16,0
3,170029,O3,16,True,16,3441.233814533129,15891.16907266565,31,16,0
3,170029,O0,16,True,16,1998.4561252666124,9592.280626333062,0,16,0
4,170000,G25OR,12,True,12,9410.672103363939,32418.360516819717,490,12,0
4,170000,O1,12,True,12,8213.672103363942,32418.360516819717,290,12,0
4,170000,O2,12,True,12,7120.812691869169,22969.06345934585,415,12,0
4,170000,O3,12,True,12,5921.81269186917,22969.06345934585,215,12,0
4,170000,O0,12,True,12,1904.1429730936845,9220.714865468422,0,12,0
4,170001,G25OR,15,True,15,6713.454232430319,25757.271162151585,249,15,0
4,170001,O1,15,True,15,5533.091652929383,23600.458264646906,124,15,0
4,170001,O2,15,True,15,5946.075467156529,23560.377335782636,197,15,0
4,170001,O3,15,True,15,3880.8850532067927,16914.425266033963,72,15,0
4,170001,O0,15,True,15,1843.2668075308986,8841.334037654493,0,15,0
4,170002,G25OR,12,True,12,7971.725991016118,30753.629955080596,296,12,0
4,170002,O1,12,True,12,6168.177424916047,27705.887124580237,97,12,0
4,170002,O2,12,True,12,6423.892817068779,24439.46408534389,250,12,0
4,170002,O3,12,True,12,3977.5642156796034,18167.821078398018,50,12,0
4,170002,O0,12,True,12,1968.415308871543,9542.076544357715,0,12,0
4,170003,G25OR,16,True,16,9834.35592854067,34646.77964270335,482,16,0
4,170003,O1,16,True,16,9258.35592854067,34646.77964270335,386,16,0
4,170003,O2,16,True,16,7293.428719219676,24037.143596098384,405,16,0
4,170003,O3,16,True,16,6717.428719219676,24037.143596098384,309,16,0
4,170003,O0,16,True,16,1780.2345366564075,8501.172683282035,0,16,0
4,170004,G25OR,11,True,11,7066.172567672958,25570.86283836479,318,11,0
4,170004,O1,11,True,11,5282.123869736576,23375.619348682878,93,11,0
4,170004,O2,11,True,11,6409.8411555901,23494.205777950505,280,11,0
4,170004,O3,11,True,11,3299.9154531923655,14629.577265961827,55,11,0
4,170004,O0,11,True,11,1632.934497886622,7889.672489433111,0,11,0
4,170005,G25OR,15,True,15,7379.81364317873,28149.068215893643,281,15,0
4,170005,O1,15,True,15,6629.81364317873,28149.068215893643,156,15,0
4,170005,O2,15,True,15,6796.040276273733,26790.20138136866,231,15,0
4,170005,O3,15,True,15,5855.072955335522,25835.364776677616,106,15,0
4,170005,O0,15,True,15,1908.4408034665155,9167.204017332577,0,15,0
4,170006,G25OR,13,True,13,10267.963673877948,36724.818369389766,487,13,0
4,170006,O1,13,True,13,9217.96367387795,36724.818369389766,312,13,0
4,170006,O2,13,True,13,7810.046497598232,26275.232487991158,419,13,0
4,170006,O3,13,True,13,6870.672778522412,26818.363892612062,244,13,0
4,170006,O0,13,True,13,2134.6405346990077,10348.202673495038,0,13,0
4,170007,G25OR,15,True,15,7028.830376844773,27429.15188422388,246,15,0
4,170007,O1,15,True,15,6278.830376844773,27429.15188422388,121,15,0
4,170007,O2,15,True,15,6556.771791660305,26493.858958301516,201,15,0
4,170007,O3,15,True,15,5554.87903209081,25229.395160454045,76,15,0
4,170007,O0,15,True,15,1754.118094937131,8395.590474685656,0,15,0
4,170008,G25OR,11,True,11,6634.8149090346615,23834.074545173313,304,11,0
4,170008,O1,11,True,11,4094.575381064701,17862.876905323505,79,11,0
4,170008,O2,11,True,11,6173.672583495827,22708.36291747914,267,11,0
4,170008,O3,11,True,11,3298.026534404758,15005.13267202379,42,11,0
4,170008,O0,11,True,11,1420.0276967847008,6825.1384839235025,0,11,0
4,170009,G25OR,15,True,15,10301.24616204678,35911.230810233894,521,15,0
4,170009,O1,15,True,15,9552.246162046777,35911.230810233894,396,15,0
4,170009,O2,15,True,15,7688.992795221987,25174.963976109935,434,15,0
4,170009,O3,15,True,15,6939.992795221989,25174.963976109935,309,15,0
4,170009,O0,15,True,15,2069.212982138142,9971.064910690704,0,15,0
4,170010,G25OR,11,True,11,6941.318479054663,24836.592395273317,322,11,0
4,170010,O1,11,True,11,5659.363015592143,25181.815077960713,97,11,0
4,170010,O2,11,True,11,6773.519772868473,25157.59886434237,285,11,0
4,170010,O3,11,True,11,5096.683915979835,23498.41957989917,60,11,0
4,170010,O0,11,True,11,1586.9921763466355,7659.960881733177,0,11,0
4,170011,G25OR,16,True,16,6269.2192520107255,25041.096260053633,199,16,0
4,170011,O1,16,True,16,5790.2192520107255,25041.096260053633,119,16,0
4,170011,O2,16,True,16,5391.233073746789,22421.16536873395,141,16,0
4,170011,O3,16,True,16,4914.233073746789,22421.16536873395,61,16,0
4,170011,O0,16,True,16,1951.2173030228741,9356.086515114372,0,16,0
4,170012,G25OR,10,True,10,8503.513842422297,28227.569212111484,475,10,0
4,170012,O1,10,True,10,7068.7816096800625,28503.90804840031,227,10,0
4,170012,O2,10,True,10,7323.931845222955,23439.659226114778,435,10,0
4,170012,O3,10,True,10,5683.292505910353,22721.46252955177,185,10,0
4,170012,O0,10,True,10,1799.857767264184,8749.28883632092,0,10,0
4,170013,G25OR,13,True,13,7426.809650091604,26969.048250458018,331,13,0
4,170013,O1,13,True,13,6378.809650091604,26969.048250458018,156,13,0
4,170013,O2,13,True,13,6831.413691421074,25437.068457105383,284,13,0
4,170013,O3,13,True,13,5500.550073732804,24017.75036866403,109,13,0
4,170013,O0,13,True,13,1848.2149697581692,8916.074848790846,0,13,0
4,170014,G25OR,15,True,15,7257.608061704669,28718.040308523356,242,15,0
4,170014,O1,15,True,15,5702.430801509895,24682.15400754948,117,15,0
4,170014,O2,15,True,15,6214.4661093947725,24937.330546973855,196,15,0
4,170014,O3,15,True,15,4708.386403489535,21121.93201744767,71,15,0
4,170014,O0,15,True,15,1849.9361856519295,8874.680928259646,0,15,0
4,170015,G25OR,10,True,10,8754.73530132893,29773.676506644675,467,10,0
4,170015,O1,10,True,10,7258.735301328931,29773.676506644675,217,10,0
4,170015,O2,10,True,10,6936.772334011016,22018.861670055066,418,10,0
4,170015,O3,10,True,10,5364.859481321654,21644.29740660827,168,10,0
4,170015,O0,10,True,10,1731.1267340221882,8405.633670110941,0,10,0
4,170016,G25OR,12,True,12,7186.397215203112,26921.98607601556,292,12,0
4,170016,O1,12,True,12,5604.317001086446,24986.58500543223,92,12,0
4,170016,O2,12,True,12,6222.994104704677,23339.970523523378,253,12,0
4,170016,O3,12,True,12,5117.496137540436,23782.48068770218,53,12,0
4,170016,O0,12,True,12,1794.7673351162107,8673.836675581053,0,12,0
4,170017,G25OR,10,True,10,7132.875218462246,26089.37609231124,313,10,0
4,170017,O1,10,True,10,3965.5337762075533,17677.668881037764,64,10,0
4,170017,O2,10,True,10,6369.37447764781,23171.872388239048,285,10,0
4,170017,O3,10,True,10,2796.855502124382,12734.27751062191,35,10,0
4,170017,O0,10,True,10,1506.749397014382,7283.74698507191,0,10,0
4,170018,G25OR,12,True,12,9322.7731739757,31823.865869878504,492,12,0
4,170018,O1,12,True,12,8121.773173975704,31823.865869878504,292,12,0
4,170018,O2,12,True,12,7165.857221727593,22544.28610863796,437,12,0
4,170018,O3,12,True,12,5967.857221727593,22544.28610863796,237,12,0
4,170018,O0,12,True,12,1995.204307745072,9676.021538725361,0,12,0
4,170019,G25OR,12,True,12,6702.240019133096,24911.200095665485,278,12,0
4,170019,O1,12,True,12,4449.022676135757,19640.113380678788,78,12,0
4,170019,O2,12,True,12,6422.84417817738,24829.2208908869,237,12,0
4,170019,O3,12,True,12,2798.3572576699007,12616.786288349507,37,12,0
4,170019,O0,12,True,12,1398.0309451064763,6690.15472553238,0,12,0
4,170020,G25OR,13,True,13,6952.605033778345,26713.025168891734,259,13,0
4,170020,O1,13,True,13,4863.519768737021,21517.598843685104,83,13,0
4,170020,O2,13,True,13,6480.445608684571,26102.228043422863,203,13,0
4,170020,O3,13,True,13,3404.0764012358686,15870.382006179343,28,13,0
4,170020,O0,13,True,13,1790.7638104985958,8628.819052492978,0,13,0
4,170021,G25OR,10,True,10,8761.790453221953,28753.952266109758,501,10,0
4,170021,O1,10,True,10,7262.790453221953,28753.952266109758,251,10,0
4,170021,O2,10,True,10,7710.11189559355,24685.55947796775,458,10,0
4,170021,O3,10,True,10,6003.519957117249,23642.599785586244,208,10,0
4,170021,O0,10,True,10,1716.217609496656,8331.08804748328,0,10,0
4,170022,G25OR,12,True,12,6855.729005904982,25778.6450295249,275,12,0
4,170022,O1,12,True,12,4862.501214287687,21787.506071438427,75,12,0
4,170022,O2,12,True,12,6676.2998775030155,25976.499387515072,241,12,0
4,170022,O3,12,True,12,3074.0551143061616,13875.275571530805,41,12,0
4,170022,O0,12,True,12,1494.037894730709,7170.189473653545,0,12,0
4,170023,G25OR,10,True,10,7633.331304238202,27866.65652119101,337,10,0
4,170023,O1,10,True,10,5531.8862999281455,24849.431499640723,87,10,0
4,170023,O2,10,True,10,6323.582754963751,22337.913774818753,305,10,0
4,170023,O3,10,True,10,4090.260491946701,18641.302459733506,55,10,0
4,170023,O0,10,True,10,1592.6303908459856,7713.151954229928,0,10,0
4,170024,G25OR,16,True,16,10478.278817037472,37381.39408518734,500,16,0
4,170024,O1,16,True,16,9902.27881703747,37381.39408518734,404,16,0
4,170024,O2,16,True,16,7712.618843319287,25858.094216596433,414,16,0
4,170024,O3,16,True,16,7136.6188433192865,25858.094216596433,318,16,0
4,170024,O0,16,True,16,1955.9230483176416,9379.615241588206,0,16,0
4,170025,G25OR,16,True,16,6466.776757783079,25503.88378891539,216,16,0
4,170025,O1,16,True,16,5963.776757783079,25503.88378891539,132,16,0
4,170025,O2,16,True,16,5981.526305195558,24622.631525977795,166,16,0
4,170025,O3,16,True,16,5478.526305195559,24622.631525977795,82,16,0
4,170025,O0,16,True,16,1852.1305485768235,8860.652742884115,0,16,0
4,170026,G25OR,15,True,15,7124.093833379546,27775.46916689773,250,15,0
4,170026,O1,15,True,15,5989.909750921263,25859.54875460632,125,15,0
4,170026,O2,15,True,15,6515.946669404664,26054.733347023313,209,15,0
4,170026,O3,15,True,15,4205.5874042493115,18187.937021246555,84,15,0
4,170026,O0,15,True,15,1913.8573651462912,9194.286825731455,0,15,0
4,170027,G25OR,10,True,10,8902.0362337784,29395.181168892017,504,10,0
4,170027,O1,10,True,10,7401.036233778403,29395.181168892017,254,10,0
4,170027,O2,10,True,10,7080.125298788493,21715.62649394246,452,10,0
4,170027,O3,10,True,10,5580.125298788491,21715.62649394246,202,10,0
4,170027,O0,10,True,10,1951.4903946847603,9507.4519734238,0,10,0
4,170028,G25OR,12,True,12,7232.03813422586,27205.1906711293,290,12,0
4,170028,O1,12,True,12,5407.587303773723,24067.936518868613,90,12,0
4,170028,O2,12,True,12,6336.436539906689,23937.182699533452,252,12,0
4,170028,O3,12,True,12,4097.5128748977995,18702.564374488997,52,12,0
4,170028,O0,12,True,12,1895.6453081801383,9178.226540900692,0,12,0
4,170029,G25OR,16,True,16,6637.843638818906,26669.21819409453,205,16,0
4,170029,O1,16,True,16,6133.843638818906,26669.21819409453,121,16,0
4,170029,O2,16,True,16,5780.842376091475,23744.21188045738,162,16,0
4,170029,O3,16,True,16,5277.842376091475,23744.21188045738,78,16,0
4,170029,O0,16,True,16,2281.0127270758153,11005.063635379076,0,16,0
