mode,seed,kind,sources,success,cleared,virtual_time_s,time_per_source_s,distance_m,measures,switches,clear_calls,failed_clear,cost_identity_error_s
3,160000,edge,11,True,11,4216.783268565737,383.34393350597605,16918.916342828685,132,118,11,0,0.0
3,160001,uniform,12,True,12,3313.7489845483233,276.1457487123603,13098.744922741611,108,94,12,0,9.094947017729282e-13
3,160002,uniform,11,True,11,3184.628176899588,289.5116524454171,12583.140884497943,104,93,11,0,-4.547473508864641e-13
3,160003,edge,15,True,15,4462.532778045506,297.5021852030338,18002.66389022753,135,112,15,0,0.0
3,160004,uniform,11,True,11,2593.4284714036944,235.76622467306314,9692.142357018469,101,95,11,0,4.547473508864641e-13
3,160005,uniform,15,True,15,3276.4504406871106,218.4300293791407,13467.25220343555,86,78,15,0,4.547473508864641e-13
3,160006,edge,11,True,11,3736.464524466986,339.67859313336237,14317.322622334925,139,123,11,0,9.094947017729282e-13
3,160007,uniform,10,True,10,3247.2345917854436,324.7234591785444,12601.172958927214,114,107,10,0,9.094947017729282e-13
3,160008,uniform,10,True,10,2916.6063484207302,291.660634842073,11223.031742103642,105,97,10,0,1.8189894035458565e-12
3,160009,edge,15,True,15,4623.534033173007,308.2356022115338,18932.670165865035,130,112,15,0,0.0
3,160010,uniform,12,True,12,3729.7331177192377,310.81109314326983,14913.665588596194,117,102,12,0,-9.094947017729282e-13
3,160011,uniform,12,True,12,3129.5254125081983,260.7937843756832,12117.62706254099,109,101,12,0,0.0
3,160012,edge,16,True,16,4762.52220037367,297.65763752335437,19472.61100186834,135,113,16,0,1.8189894035458565e-12
3,160013,uniform,11,True,11,3427.0476849601805,311.54978954183457,13600.2384248009,110,102,11,0,4.547473508864641e-13
3,160014,uniform,15,True,15,3217.4005221549187,214.49336814366126,12942.002610774598,94,84,15,0,-9.094947017729282e-13
3,160015,edge,16,True,16,4384.275182569525,274.0171989105953,17656.375912847627,133,108,16,0,0.0
3,160016,uniform,12,True,12,3322.8636124404275,276.90530103670227,13039.31806220214,111,100,12,0,-4.547473508864641e-13
3,160017,uniform,13,True,13,2980.355717067868,229.2581320821437,11501.77858533934,104,95,13,0,4.547473508864641e-13
3,160018,edge,16,True,16,4457.860410639903,278.61627566499396,17814.302053199513,140,115,16,0,9.094947017729282e-13
3,160019,uniform,12,True,12,3079.561206449578,256.63010053746484,12062.806032247889,103,92,12,0,4.547473508864641e-13
3,160020,uniform,15,True,15,3572.797302012253,238.18648680081688,14528.986510061255,101,87,15,0,2.2737367544323206e-12
3,160021,edge,10,True,10,3642.865768214311,364.28657682143114,14009.32884107156,134,121,10,0,-9.094947017729282e-13
3,160022,uniform,15,True,15,3552.8982920166018,236.85988613444013,14424.491460083007,101,88,15,0,4.547473508864641e-13
3,160023,uniform,14,True,14,3506.4035406750604,250.45739576250432,14002.017703375299,108,96,14,0,4.547473508864641e-13
3,160024,edge,15,True,15,4196.17332089649,279.74488805976597,16830.866604482446,130,105,15,0,9.094947017729282e-13
3,160025,uniform,13,True,13,3003.712035390514,231.05477195311644,11728.56017695257,100,93,13,0,0.0
3,160026,uniform,13,True,13,3669.741376452643,282.28779818866485,14838.706882263215,108,97,13,0,0.0
3,160027,edge,15,True,15,4062.543661776401,270.83624411842675,15917.718308882006,138,114,15,0,0.0
3,160028,uniform,13,True,13,3382.94690881701,260.22668529361613,13399.734544085053,108,98,13,0,-9.094947017729282e-13
3,160029,uniform,16,True,16,3560.320121980399,222.52000762377494,15086.600609901989,80,63,16,0,1.3642420526593924e-12
3,160030,edge,16,True,16,3920.6371028960198,245.03981893100124,15803.185514480105,117,95,16,0,-1.3642420526593924e-12
3,160031,uniform,14,True,14,3599.0856706937484,257.07754790669634,14555.42835346874,105,93,14,0,4.547473508864641e-13
3,160032,uniform,10,True,10,2678.4468794001996,267.84468794002,10172.234397000999,100,94,10,0,0.0
3,160033,edge,12,True,12,3705.031776010773,308.75264800089775,14155.15888005386,138,124,12,0,9.094947017729282e-13
3,160034,uniform,15,True,15,3883.4922109422996,258.89948072948664,15837.46105471149,109,96,15,0,1.8189894035458565e-12
3,160035,uniform,15,True,15,3763.127435863649,250.87516239090994,15260.637179318246,108,96,15,0,0.0
3,160036,edge,14,True,14,4445.5494383609,317.5392455972072,17872.74719180451,137,116,14,0,-1.8189894035458565e-12
3,160037,uniform,10,True,10,2748.2354518560783,274.8235451856078,10421.177259280388,103,99,10,0,4.547473508864641e-13
3,160038,uniform,16,True,16,3988.4357270069545,249.27723293793466,16097.178635034772,118,99,16,0,0.0
3,160039,edge,15,True,15,4260.205733164069,284.0137155442713,17071.028665820348,132,111,15,0,-9.094947017729282e-13
3,160040,uniform,11,True,11,3389.030604545866,308.09369132235145,13620.15302272933,103,95,11,0,0.0
3,160041,uniform,11,True,11,3561.866308911219,323.8060280828381,14204.331544556093,113,101,11,0,4.547473508864641e-13
3,160042,edge,15,True,15,4487.9266967787,299.19511311857997,18099.633483893496,136,113,15,0,9.094947017729282e-13
3,160043,uniform,13,True,13,3907.7154851030373,300.59349885407977,16248.577425515188,101,88,13,0,-4.547473508864641e-13
3,160044,uniform,12,True,12,2909.9356373801793,242.49463644834827,11149.678186900897,105,95,12,0,0.0
3,160045,edge,11,True,11,3527.84648284968,320.7133166226982,13504.232414248394,131,117,11,0,9.094947017729282e-13
3,160046,uniform,15,True,15,3928.700312503681,261.91335416691203,16398.501562518402,99,79,15,0,4.547473508864641e-13
3,160047,uniform,16,True,16,2915.746194414012,182.23413715087574,11933.73097207006,76,69,16,0,0.0
3,160048,edge,12,True,12,3891.281463995586,324.2734553329655,15361.407319977925,129,114,12,0,9.094947017729282e-13
3,160049,uniform,14,True,14,4070.660352864921,290.7614537760658,16493.30176432461,120,102,14,0,-9.094947017729282e-13
3,260000,edge,11,True,11,3870.6810158924604,351.88009235386005,15368.405079462298,126,112,11,0,9.094947017729282e-13
3,260001,uniform,10,True,10,3000.8942124335235,300.0894212433524,11124.471062167617,123,111,10,0,0.0
3,260002,uniform,11,True,11,3295.3152467343666,299.5741133394879,12826.576233671833,114,105,11,0,0.0
3,260003,edge,14,True,14,4219.0277874082185,301.35912767201563,16800.13893704109,135,114,14,0,0.0
3,260004,uniform,15,True,15,3667.5894369827693,244.50596246551794,14977.947184913848,102,87,15,0,-4.547473508864641e-13
3,260005,uniform,10,True,10,2760.766158193883,276.0766158193883,10288.830790969414,110,103,10,0,0.0
3,260006,edge,15,True,15,4176.096641231283,278.40644274875217,16310.483206156408,143,124,15,0,9.094947017729282e-13
3,260007,uniform,13,True,13,3607.159225137224,277.47378654901723,14745.796125686116,101,88,13,0,9.094947017729282e-13
3,260008,uniform,16,True,16,3759.6046018408088,234.97528761505055,15568.023009204042,96,86,16,0,4.547473508864641e-13
3,260009,edge,10,True,10,3676.2392615040367,367.6239261504037,13711.196307520184,150,134,10,0,0.0
3,260010,uniform,10,True,10,2610.619670677397,261.0619670677397,9798.09835338699,101,96,10,0,-9.094947017729282e-13
3,260011,uniform,13,True,13,3511.5692709470213,270.1207131497709,14142.846354735104,105,93,13,0,4.547473508864641e-13
3,260012,edge,15,True,15,4363.577027089437,290.9051351392958,17492.885135447177,135,115,15,0,1.8189894035458565e-12
3,260013,uniform,10,True,10,3051.509951107757,305.1509951107757,11612.549755538781,115,104,10,0,9.094947017729282e-13
3,260014,uniform,12,True,12,3287.2956191648964,273.9413015970747,13051.478095824483,105,92,12,0,0.0
3,260015,edge,12,True,12,3690.5169485891047,307.54307904909206,14182.584742945523,135,119,12,0,0.0
3,260016,uniform,15,True,15,2976.915717876388,198.46104785842587,12184.578589381941,79,70,15,0,0.0
3,260017,uniform,14,True,14,3183.693725167554,227.4066946548253,13048.468625837768,85,79,14,0,4.547473508864641e-13
3,260018,edge,11,True,11,3892.786969919886,353.88972453817144,15413.934849599429,129,110,11,0,0.0
3,260019,uniform,16,True,16,3690.9624542414667,230.68515339009167,14764.812271207331,112,98,16,0,4.547473508864641e-13
3,260020,uniform,15,True,15,2936.414017414918,195.76093449432787,11642.07008707459,90,83,15,0,0.0
3,260021,edge,11,True,11,3615.478329883246,328.6798481712042,13942.391649416228,131,117,11,0,4.547473508864641e-13
3,260022,uniform,15,True,15,3659.4607742245366,243.96405161496912,14632.30387112268,112,98,15,0,4.547473508864641e-13
3,260023,uniform,14,True,14,3782.5547403410515,270.1824814529322,15437.773701705257,106,95,14,0,0.0
3,260024,edge,12,True,12,3580.105839209277,298.34215326743976,13670.529196046386,134,116,12,0,-4.547473508864641e-13
3,260025,uniform,14,True,14,3176.4460486882076,226.88900347772912,12657.230243441036,97,90,14,0,4.547473508864641e-13
3,260026,uniform,11,True,11,3214.261729871444,292.2056118064949,12456.30864935722,113,103,11,0,0.0
3,260027,edge,14,True,14,4034.77395479175,288.19813962798213,16048.869773958755,129,110,14,0,-9.094947017729282e-13
3,260028,uniform,15,True,15,3689.0153220071425,245.93435480047617,14995.07661003572,105,90,15,0,-1.3642420526593924e-12
3,260029,uniform,11,True,11,3402.624958928479,309.3295417207708,13433.124794642394,112,101,11,0,0.0
3,260030,edge,13,True,13,4067.634499974307,312.89496153648514,16048.172499871533,135,118,13,0,4.547473508864641e-13
3,260031,uniform,15,True,15,3457.027757472663,230.4685171648442,14015.138787363318,98,89,15,0,-4.547473508864641e-13
3,260032,uniform,10,True,10,3278.0984743385766,327.80984743385767,12615.492371692884,119,110,10,0,-4.547473508864641e-13
3,260033,edge,16,True,16,4142.463237748788,258.90395235929924,16667.31618874394,125,104,16,0,0.0
3,260034,uniform,11,True,11,3448.13287023459,313.4666245667809,13345.664351172947,123,109,11,0,4.547473508864641e-13
3,260035,uniform,12,True,12,3478.306227684919,289.8588523070766,13886.5311384246,109,96,12,0,-9.094947017729282e-13
3,260036,edge,11,True,11,3614.4778036882535,328.5888912443867,13672.389018441261,140,125,11,0,1.3642420526593924e-12
3,260037,uniform,10,True,10,3069.524719140992,306.9524719140992,11782.623595704968,112,103,10,0,-1.3642420526593924e-12
3,260038,uniform,15,True,15,3578.88486440662,238.59232429377468,14429.424322033099,105,93,15,0,4.547473508864641e-13
3,260039,edge,16,True,16,4471.913620168584,279.4946012605365,18504.56810084292,119,96,16,0,0.0
3,260040,uniform,11,True,11,3177.528272494793,288.8662065904357,12412.641362473962,108,100,11,0,4.547473508864641e-13
3,260041,uniform,13,True,13,3360.309482810103,258.4853448315464,13586.54741405051,98,88,13,0,9.094947017729282e-13
3,260042,edge,16,True,16,4343.000826076937,271.4375516298086,17265.004130384692,139,115,16,0,-9.094947017729282e-13
3,260043,uniform,12,True,12,3327.8384364371123,277.3198697030927,13094.192182185565,110,99,12,0,-9.094947017729282e-13
3,260044,uniform,14,True,14,3861.158191722389,275.7970136944563,15930.790958611951,103,90,14,0,-1.3642420526593924e-12
3,260045,edge,14,True,14,4093.5469021042086,292.3962072931578,16002.734510521046,141,118,14,0,-4.547473508864641e-13
3,260046,uniform,14,True,14,3936.8178733713835,281.2012766693845,15919.089366856917,116,100,15,1,0.0
3,260047,uniform,14,True,14,3023.7953882911215,215.98538487793726,12018.97694145561,93,85,14,0,-4.547473508864641e-13
3,260048,edge,11,True,11,3768.1225819082665,342.55659835529696,14490.612909541342,139,120,11,0,-1.8189894035458565e-12
3,260049,uniform,12,True,12,3103.454288128178,258.6211906773482,12117.27144064089,105,95,12,0,0.0
3,260050,uniform,10,True,10,3074.9322872313323,307.49322872313326,11774.661436156668,113,105,10,0,-1.3642420526593924e-12
3,260051,edge,10,True,10,3672.347855854193,367.2347855854193,14281.739279270963,130,116,10,0,0.0
3,260052,uniform,11,True,11,3217.264679604971,292.47860723681555,12531.323398024853,111,101,11,0,4.547473508864641e-13
3,260053,uniform,16,True,16,3637.062259382394,227.31639121139963,14955.31129691197,97,81,16,0,0.0
3,260054,edge,13,True,13,4360.905819547743,335.45429381136483,17304.529097738716,142,125,13,0,0.0
3,260055,uniform,15,True,15,3299.834281603038,219.98895210686922,13439.17140801519,91,82,15,0,0.0
3,260056,uniform,12,True,12,3655.556518353331,304.6297098627776,14417.78259176665,121,107,12,0,9.094947017729282e-13
3,260057,edge,10,True,10,3666.123764504301,366.61237645043013,14250.618822521505,130,116,10,0,0.0
3,260058,uniform,11,True,11,2902.468182949267,263.8607439044788,10947.340914746334,111,103,11,0,4.547473508864641e-13
3,260059,uniform,11,True,11,3215.0314257788145,292.2755841617104,12710.15712889407,105,93,11,0,4.547473508864641e-13
3,260060,edge,10,True,10,3850.158757504667,385.0158757504667,14850.793787523333,141,125,10,0,4.547473508864641e-13
3,260061,uniform,15,True,15,3155.7623927303835,210.3841595153589,12718.811963651915,91,82,15,0,4.547473508864641e-13
3,260062,uniform,13,True,13,3535.6179115552072,271.9706085811698,14413.08955777604,99,90,14,1,-9.094947017729282e-13
3,260063,edge,13,True,13,3854.8601375124513,296.52770288557315,15234.300687562258,127,108,13,0,-4.547473508864641e-13
3,260064,uniform,13,True,13,3083.010668899654,237.1546668384349,12270.053344498272,95,89,13,0,-4.547473508864641e-13
3,260065,uniform,15,True,15,3543.0842195592973,236.2056146372865,14295.42109779648,103,88,17,2,1.3642420526593924e-12
3,260066,edge,16,True,16,4383.656292171201,273.97851826070007,17893.281460856,124,105,16,0,9.094947017729282e-13
3,260067,uniform,16,True,16,3459.3785653370737,216.2111603335671,14131.892826685367,94,83,16,0,4.547473508864641e-13
3,260068,uniform,10,True,10,3104.8674910537884,310.48674910537886,12074.337455268942,108,100,10,0,0.0
3,260069,edge,13,True,13,4450.069952264163,342.3130732510894,17850.349761320813,139,120,13,0,0.0
3,260070,uniform,11,True,11,3390.957291610103,308.26884469182755,13239.786458050514,117,103,11,0,0.0
3,260071,uniform,10,True,10,3056.851559513526,305.6851559513526,11784.25779756763,110,100,10,0,0.0
3,260072,edge,10,True,10,3498.7792797265884,349.8779279726588,13473.896398632936,128,114,10,0,9.094947017729282e-13
3,260073,uniform,11,True,11,3100.951149656739,281.90464996879444,12094.755748283698,106,97,11,0,-9.094947017729282e-13
3,260074,uniform,15,True,15,2968.4035461355375,197.89356974236915,12042.01773067769,82,75,15,0,-4.547473508864641e-13
3,260075,edge,14,True,14,4393.662444121833,313.83303172298804,17758.31222060916,132,112,14,0,9.094947017729282e-13
3,260076,uniform,11,True,11,3282.702256911314,298.42747790102857,12678.511284556565,117,107,11,0,9.094947017729282e-13
3,260077,uniform,12,True,12,3163.938367258496,263.66153060487466,12319.691836292479,109,95,12,0,0.0
3,260078,edge,14,True,14,4600.078059672657,328.57700426233265,18765.390298363276,133,112,14,0,1.8189894035458565e-12
3,260079,uniform,13,True,13,3336.6141188675324,256.66262452827175,12908.070594337665,117,105,13,0,-4.547473508864641e-13
3,260080,uniform,10,True,10,3128.5422637508277,312.85422637508276,12122.711318754142,110,104,10,0,-4.547473508864641e-13
3,260081,edge,14,True,14,4057.639961633188,289.831425830942,15883.19980816594,138,121,14,0,-4.547473508864641e-13
3,260082,uniform,14,True,14,3560.1508642110603,254.29649030079003,14385.754321055292,104,93,14,0,1.8189894035458565e-12
3,260083,uniform,15,True,15,3339.775693635304,222.65171290902026,13518.878468176516,95,86,15,0,9.094947017729282e-13
3,260084,edge,12,True,12,4052.4834102353584,337.70695085294653,16182.417051176795,129,111,12,0,-4.547473508864641e-13
3,260085,uniform,10,True,10,3412.471152447593,341.2471152447593,13322.355762237963,118,108,10,0,4.547473508864641e-13
3,260086,uniform,13,True,13,3220.452918236661,247.72714755666624,12877.2645911833,98,90,13,0,9.094947017729282e-13
3,260087,edge,14,True,14,4337.936111794596,309.8525794138997,17129.680558972985,143,127,14,0,-9.094947017729282e-13
3,260088,uniform,13,True,13,2920.1994062803024,224.63072356002326,11690.99703140151,87,82,13,0,4.547473508864641e-13
3,260089,uniform,13,True,13,3212.9140753613674,247.14723656625904,12784.570376806832,100,91,13,0,9.094947017729282e-13
3,260090,edge,15,True,15,4036.4690517151507,269.09793678101005,16137.345258575748,125,109,15,0,1.3642420526593924e-12
3,260091,uniform,14,True,14,3640.7470302116035,260.05335930082884,14943.73515105802,99,87,14,0,-4.547473508864641e-13
3,260092,uniform,12,True,12,3128.7439772666653,260.7286647722221,12523.719886333327,95,89,12,0,0.0
3,260093,edge,12,True,12,3793.926371065834,316.1605309221528,14699.631855329175,135,119,12,0,-1.3642420526593924e-12
3,260094,uniform,12,True,12,3606.744990744352,300.56208256202933,14583.724953721756,107,95,12,0,9.094947017729282e-13
3,260095,uniform,14,True,14,3407.388310456151,243.3848793182965,13566.941552280752,106,94,14,0,4.547473508864641e-13
3,260096,edge,14,True,14,3922.672239645162,280.19087426036873,15613.361198225804,125,105,14,0,9.094947017729282e-13
3,260097,uniform,10,True,10,3147.9091376081833,314.79091376081834,11964.545688040918,119,110,10,0,-4.547473508864641e-13
3,260098,uniform,10,True,10,3196.0710207154857,319.6071020715486,12540.35510357743,108,98,10,0,-4.547473508864641e-13
3,260099,edge,11,True,11,3848.8088501589627,349.8917136508148,14999.044250794816,135,119,11,0,-4.547473508864641e-13
3,260100,uniform,12,True,12,3305.868810899398,275.48906757494984,12664.34405449699,121,108,12,0,-4.547473508864641e-13
3,260101,uniform,13,True,13,3396.759179405287,261.28916764656054,13273.795897026435,115,102,13,0,0.0
3,260102,edge,13,True,13,4318.141902141393,332.16476170318407,17185.709510706973,139,121,13,0,-1.8189894035458565e-12
3,260103,uniform,10,True,10,3707.2891371860183,370.7289137186018,14516.44568593009,128,114,10,0,4.547473508864641e-13
3,260104,uniform,12,True,12,3611.703715014296,300.97530958452467,14523.518575071475,110,97,12,0,9.094947017729282e-13
3,260105,edge,13,True,13,4042.7058982260814,310.9773767866217,15783.529491130408,140,121,13,0,0.0
3,260106,uniform,10,True,10,2957.2457872908276,295.72457872908274,11291.228936454136,110,99,10,0,4.547473508864641e-13
3,260107,uniform,16,True,16,3387.015363293278,211.68846020582987,13965.07681646639,87,79,16,0,0.0
3,260108,edge,15,True,15,4293.855190498205,286.25701269988036,17004.275952491014,141,113,15,0,1.8189894035458565e-12
3,260109,uniform,15,True,15,3283.846708883202,218.9231139255468,13254.23354441601,95,83,15,0,0.0
3,260110,uniform,15,True,15,2846.2427298604803,189.74951532403202,11316.213649302397,86,78,15,0,9.094947017729282e-13
3,260111,edge,14,True,14,4257.672596560111,304.1194711828651,17108.36298280055,131,111,14,0,9.094947017729282e-13
3,260112,uniform,11,True,11,3227.600092492931,293.4181902266301,12333.000462464652,120,106,11,0,4.547473508864641e-13
3,260113,uniform,15,True,15,3555.1273054617627,237.00848703078418,14425.636527308816,101,90,15,0,-4.547473508864641e-13
3,260114,edge,16,True,16,4225.2518491062965,264.07824056914353,16961.25924553148,129,108,16,0,0.0
3,260115,uniform,13,True,13,3919.8331809651763,301.5256293050136,15914.165904825886,114,102,13,0,-9.094947017729282e-13
3,260116,uniform,11,True,11,3017.4689410360197,274.3153582760018,11562.344705180096,109,105,11,0,4.547473508864641e-13
3,260117,edge,15,True,15,4497.393057643467,299.82620384289777,18346.965288217332,129,108,15,0,0.0
3,260118,uniform,13,True,13,3210.2736798599135,246.94412921999336,12696.368399299568,103,91,13,0,0.0
3,260119,uniform,13,True,13,3583.326990401212,275.64053772317016,14156.634952006061,117,102,13,0,-4.547473508864641e-13
3,260120,edge,16,True,16,4676.748430934696,292.2967769334185,19053.742154673477,135,111,16,0,9.094947017729282e-13
3,260121,uniform,15,True,15,3536.2099517444467,235.74733011629644,14241.049758722234,105,88,15,0,0.0
3,260122,uniform,16,True,16,3747.961829417868,234.24761433861676,15299.809147089341,103,90,17,1,0.0
3,260123,edge,11,True,11,3698.4036418257133,336.21851289324667,13972.018209128566,144,129,11,0,0.0
3,260124,uniform,15,True,15,3510.591293195538,234.0394195463692,14377.956465977693,95,85,15,0,-4.547473508864641e-13
3,260125,uniform,10,True,10,2887.908267155864,288.7908267155864,10979.541335779322,108,102,10,0,-4.547473508864641e-13
3,260126,edge,15,True,15,4335.587244135724,289.03914960904825,17202.936220678625,140,120,15,0,-9.094947017729282e-13
3,260127,uniform,10,True,10,3290.3234530465634,329.03234530465636,12851.617265232815,113,105,10,0,4.547473508864641e-13
3,260128,uniform,12,True,12,3281.387537896312,273.44896149135934,13056.937689481563,103,95,12,0,-4.547473508864641e-13
3,260129,edge,13,True,13,4433.978113544588,341.0752395034299,18044.89056772294,130,110,13,0,0.0
3,260130,uniform,11,True,11,3375.63895783616,306.87626889419636,13258.194789180803,113,104,11,0,-4.547473508864641e-13
3,260131,uniform,11,True,11,3187.6147993186014,289.7831635744183,12218.07399659301,117,104,11,0,-4.547473508864641e-13
3,260132,edge,13,True,13,4017.6701975676924,309.05155365905324,15803.350987838458,135,117,13,0,9.094947017729282e-13
3,260133,uniform,13,True,13,3704.515143872631,284.9627033748178,15167.575719363149,103,91,13,0,1.3642420526593924e-12
3,260134,uniform,16,True,16,3944.3956995031776,246.5247312189486,15981.978497515896,114,98,16,0,-1.8189894035458565e-12
3,260135,edge,15,True,15,4352.401149005159,290.1600766003439,17377.005745025792,137,117,15,0,9.094947017729282e-13
3,260136,uniform,16,True,16,3440.7314119358075,215.04571324598797,14428.657059679032,81,70,16,0,1.3642420526593924e-12
3,260137,uniform,10,True,10,3043.681249751069,304.3681249751069,11503.406248755342,117,108,10,0,9.094947017729282e-13
3,260138,edge,14,True,14,3896.262225718304,278.30444469416454,15186.311128591522,134,119,14,0,-4.547473508864641e-13
3,260139,uniform,15,True,15,3029.1852891062226,201.94568594041485,12295.926445531113,84,75,15,0,0.0
3,260140,uniform,16,True,16,3030.8727039403334,189.42954399627084,11934.363519701668,96,84,16,0,-4.547473508864641e-13
3,260141,edge,10,True,10,4049.6156951789844,404.96156951789845,16128.078475894921,132,114,10,0,0.0
3,260142,uniform,14,True,14,3265.8868460718536,233.27763186227526,13319.434230359264,90,82,14,0,9.094947017729282e-13
3,260143,uniform,10,True,10,3282.1743706090256,328.21743706090257,12745.871853045132,115,108,10,0,-9.094947017729282e-13
3,260144,edge,11,True,11,4336.623003117016,394.23845482881967,17558.11501558508,131,115,11,0,0.0
3,260145,uniform,15,True,15,3953.785676813514,263.5857117875676,16363.928384067573,104,86,15,0,-4.547473508864641e-13
3,260146,uniform,12,True,12,3071.3663291503,255.94719409585832,12151.831645751496,98,91,12,0,9.094947017729282e-13
3,260147,edge,16,True,16,3917.365573996444,244.83534837477774,15436.827869982215,128,110,16,0,9.094947017729282e-13
3,260148,uniform,15,True,15,2957.115317230956,197.1410211487304,11635.576586154775,94,85,15,0,9.094947017729282e-13
3,260149,uniform,13,True,13,3286.5337671586494,252.81028978143456,13237.668835793245,97,89,13,0,4.547473508864641e-13
3,260150,edge,14,True,14,4417.183120592314,315.5130800423081,17980.91560296157,128,111,14,0,0.0
3,260151,uniform,12,True,12,3295.3385839122584,274.61154865935487,13016.692919561287,107,97,12,0,9.094947017729282e-13
3,260152,uniform,11,True,11,3105.7990245038195,282.3453658639836,12153.995122519094,105,95,11,0,4.547473508864641e-13
3,260153,edge,12,True,12,3866.5830676962723,322.215255641356,15207.915338481358,130,115,12,0,9.094947017729282e-13
3,260154,uniform,15,True,15,3374.0020723982707,224.93347149321804,13585.01036199135,99,87,15,0,9.094947017729282e-13
3,260155,uniform,12,True,12,3204.9645872100496,267.08038226750415,12784.822936050252,100,88,12,0,-9.094947017729282e-13
3,260156,edge,10,True,10,3790.9519555137053,379.0951955513705,14524.759777568524,142,126,10,0,4.547473508864641e-13
3,260157,uniform,12,True,12,3386.88535249007,282.2404460408392,13449.426762450348,108,97,12,0,4.547473508864641e-13
3,260158,uniform,10,True,10,3283.6744825076426,328.36744825076426,12633.372412538214,120,107,10,0,-4.547473508864641e-13
3,260159,edge,15,True,15,3989.0470093372737,265.9364672891516,15550.235046686363,137,119,15,0,1.3642420526593924e-12
3,260160,uniform,15,True,15,3231.4031434411177,215.42687622940784,13322.01571720558,83,77,15,0,1.3642420526593924e-12
3,260161,uniform,12,True,12,3552.837491414759,296.0697909512299,14274.187457073798,108,98,12,0,-9.094947017729282e-13
3,260162,edge,11,True,11,3823.018637920104,347.54714890182765,15055.093189600524,129,112,11,0,-9.094947017729282e-13
3,260163,uniform,16,True,16,3513.2130264553016,219.57581415345635,14496.065132276502,91,79,16,0,9.094947017729282e-13
3,260164,uniform,12,True,12,3902.1097169631566,325.1758097469297,15420.548584815791,129,113,12,0,-1.8189894035458565e-12
3,260165,edge,11,True,11,3662.6469344910124,332.9679031355466,14088.234672455066,134,120,11,0,-9.094947017729282e-13
3,260166,uniform,11,True,11,3292.770854235105,299.3428049304641,12928.854271175527,110,102,11,0,-4.547473508864641e-13
3,260167,uniform,13,True,13,3261.2877990015413,250.8682922308878,12826.438995007707,107,96,13,0,0.0
3,260168,edge,15,True,15,4490.0638274010535,299.3375884934036,18065.31913700527,137,117,15,0,-9.094947017729282e-13
3,260169,uniform,16,True,16,3929.041731390667,245.56510821191668,16315.20865695333,100,83,17,1,9.094947017729282e-13
3,260170,uniform,16,True,16,3544.2164979886015,221.5135311242876,14556.082489943006,94,83,16,0,4.547473508864641e-13
3,260171,edge,12,True,12,4152.10277587115,346.00856465592915,16445.51387935575,137,118,12,0,0.0
3,260172,uniform,13,True,13,3499.9820182960857,269.2293860227758,14154.910091480428,102,94,13,0,0.0
3,260173,uniform,16,True,16,3312.0514164644524,207.00321352902827,13510.257082322265,90,80,16,0,-4.547473508864641e-13
3,260174,edge,13,True,13,4015.9134291453884,308.9164176265683,15989.567145726936,129,108,13,0,9.094947017729282e-13
3,260175,uniform,14,True,14,3798.245554343496,271.3032538816783,15451.22777171749,109,93,14,0,-1.8189894035458565e-12
3,260176,uniform,16,True,16,3582.171296035479,223.88570600221743,15095.856480177395,82,73,16,0,0.0
3,260177,edge,10,True,10,3517.230259750336,351.7230259750336,13356.15129875168,135,121,10,0,0.0
3,260178,uniform,12,True,12,3376.9915196704414,281.41595997253677,13369.957598352203,109,98,12,0,9.094947017729282e-13
3,260179,uniform,16,True,16,3664.2984857390393,229.01865535868995,15186.492428695192,94,77,16,0,9.094947017729282e-13
3,260180,edge,12,True,12,3654.0843308048884,304.50702756707403,14375.421654024438,122,109,12,0,9.094947017729282e-13
3,260181,uniform,11,True,11,3304.9375677303537,300.4488697936685,12869.68783865177,114,106,11,0,0.0
3,260182,uniform,11,True,11,3408.992896386941,309.90844512608555,12909.964481934707,131,117,11,0,-4.547473508864641e-13
3,260183,edge,13,True,13,4236.158372851177,325.85833637316745,16760.791864255883,140,119,13,0,0.0
3,260184,uniform,13,True,13,3315.6063947343273,255.04664574879442,13088.031973671643,107,98,13,0,-1.3642420526593924e-12
3,260185,uniform,12,True,12,3354.7476846159134,279.5623070513261,13258.738423079569,109,98,12,0,-4.547473508864641e-13
3,260186,edge,15,True,15,4221.523734703055,281.43491564687037,16702.61867351528,138,116,15,0,-9.094947017729282e-13
3,260187,uniform,16,True,16,3472.181028087783,217.01131425548644,14535.90514043892,83,70,16,0,-9.094947017729282e-13
3,260188,uniform,10,True,10,2840.4931328934754,284.04931328934754,10747.465664467372,108,101,10,0,9.094947017729282e-13
3,260189,edge,14,True,14,3817.480791339001,272.6771993813572,14937.403956695003,130,110,14,0,4.547473508864641e-13
3,260190,uniform,11,True,11,3004.8561010399126,273.1687364581739,11659.280505199564,105,93,11,0,0.0
3,260191,uniform,14,True,14,3758.0471733752534,268.43194095537524,15645.235866876268,95,84,14,0,-4.547473508864641e-13
3,260192,edge,15,True,15,4456.053107101792,297.07020714011946,17785.26553550896,141,119,15,0,0.0
3,260193,uniform,11,True,11,3453.411859691708,313.9465326992462,13187.05929845854,129,116,11,0,0.0
3,260194,uniform,10,True,10,3121.5964317104963,312.15964317104965,12272.98215855248,104,97,10,0,0.0
3,260195,edge,16,True,16,4416.61087810718,276.03817988169874,17738.054390535897,135,114,16,0,0.0
3,260196,uniform,15,True,15,3389.874565315879,225.99163768772527,13654.372826579389,99,89,15,0,1.3642420526593924e-12
3,260197,uniform,14,True,14,3507.5229980576614,250.53735700411866,14232.614990288306,101,86,14,0,0.0
3,260198,edge,16,True,16,4205.268305914767,262.8292691196729,16921.341529573834,127,106,16,0,0.0
3,260199,uniform,12,True,12,3395.0226932009346,282.9185577667445,13485.11346600467,108,98,12,0,4.547473508864641e-13
4,160000,edge,11,True,11,8655.349799273828,786.8499817521662,32561.748996369155,354,318,11,0,-1.8189894035458565e-12
4,160001,uniform,12,True,12,6552.4386288253945,546.0365524021162,23722.193144126977,294,278,12,0,-9.094947017729282e-13
4,160002,uniform,11,True,11,7327.7705220296875,666.1609565481534,26248.852610148442,340,323,11,0,-9.094947017729282e-13
4,160003,edge,15,True,15,9229.460126096325,615.297341739755,36167.30063048164,330,271,15,0,-3.637978807091713e-12
4,160004,uniform,11,True,11,6482.272904272473,589.297536752043,22636.36452136236,318,310,11,0,9.094947017729282e-13
4,160005,uniform,15,True,15,5881.809433961584,392.1206289307722,22829.04716980792,208,201,15,0,0.0
4,160006,edge,11,True,11,9493.016886058835,863.0015350962577,35415.08443029414,400,355,11,0,7.275957614183426e-12
4,160007,uniform,10,True,10,6942.346829401607,694.2346829401606,23426.734147008046,371,352,10,0,-2.7284841053187847e-12
4,160008,uniform,10,True,10,5925.617494816274,592.5617494816274,19813.087474081363,321,308,10,0,1.8189894035458565e-12
4,160009,edge,15,True,15,9506.933629034704,633.7955752689802,37739.66814517353,323,269,15,0,-1.8189894035458565e-12
4,160010,uniform,12,True,12,5996.496199983238,499.7080166652698,20782.48099991619,298,290,12,0,-9.094947017729282e-13
4,160011,uniform,12,True,12,6361.138095203665,530.0948412669721,22250.690476018324,310,301,12,0,0.0
4,160012,edge,16,True,16,7828.64049413265,489.2900308832906,32093.20247066324,228,190,16,0,1.8189894035458565e-12
4,160013,uniform,11,True,11,6068.829665414148,551.7117877649225,21454.148327070747,289,278,11,0,-1.8189894035458565e-12
4,160014,uniform,15,True,15,6299.994126440117,419.9996084293411,23399.970632200588,259,250,15,0,-9.094947017729282e-13
4,160015,edge,16,True,16,7464.961569726663,466.5600981079164,30644.80784863331,220,156,16,0,9.094947017729282e-13
4,160016,uniform,12,True,12,6891.992829077384,574.3327357564486,24504.964145386926,325,306,12,0,-9.094947017729282e-13
4,160017,uniform,13,True,13,6673.917582512547,513.3782755778882,25319.58791256272,260,245,13,0,2.7284841053187847e-12
4,160018,edge,16,True,16,8561.263088012734,535.0789430007959,34566.31544006366,275,193,16,0,1.8189894035458565e-12
4,160019,uniform,12,True,12,6112.342515780729,509.3618763150607,22176.71257890364,271,262,12,0,9.094947017729282e-13
4,160020,uniform,15,True,15,7140.574577879298,476.0383051919532,26682.872889396476,291,274,15,0,2.7284841053187847e-12
4,160021,edge,10,True,10,7725.93692649488,772.593692649488,28289.6846324744,340,318,10,0,0.0
4,160022,uniform,15,True,15,5944.260185076928,396.2840123384619,22811.300925384632,219,212,15,0,1.8189894035458565e-12
4,160023,uniform,14,True,14,5944.531191777752,424.609370841268,22667.655958888758,225,213,15,1,0.0
4,160024,edge,15,True,15,9663.14653991279,644.2097693275193,38110.732699563945,338,273,16,1,1.8189894035458565e-12
4,160025,uniform,13,True,13,5883.068083892321,452.54369876094773,20920.3404194616,274,264,13,0,9.094947017729282e-13
4,160026,uniform,13,True,13,5929.576545234114,456.1212727103165,21142.882726170577,274,266,13,0,-1.8189894035458565e-12
4,160027,edge,15,True,15,9342.623260058794,622.8415506705862,36583.11630029396,336,271,15,0,1.8189894035458565e-12
4,160028,uniform,13,True,13,6821.851995243738,524.7578457879798,24639.259976218684,307,294,13,0,1.8189894035458565e-12
4,160029,uniform,16,True,16,5999.161836721386,374.9476147950866,23040.80918360694,222,201,16,0,-1.8189894035458565e-12
4,160030,edge,16,True,16,8613.84258348649,538.3651614679056,35329.21291743246,259,173,16,0,-1.8189894035458565e-12
4,160031,uniform,14,True,14,6989.491372730843,499.2493837664888,25642.456863654206,300,291,14,0,1.8189894035458565e-12
4,160032,uniform,10,True,10,6285.735651470021,628.5735651470021,22108.678257350108,305,289,10,0,0.0
4,160033,edge,12,True,12,8531.213988076668,710.934499006389,32411.069940383342,336,306,13,1,0.0
4,160034,uniform,15,True,15,6578.571734014775,438.5714489343183,24782.858670073867,260,247,15,0,1.8189894035458565e-12
4,160035,uniform,15,True,15,5769.21310958989,384.6142073059927,20806.065547949464,257,248,15,0,-2.7284841053187847e-12
4,160036,edge,14,True,14,8964.862114428988,640.3472938877849,34919.31057214494,325,286,14,0,0.0
4,160037,uniform,10,True,10,6397.888812255976,639.7888812255976,22124.44406127988,322,313,10,0,0.0
4,160038,uniform,16,True,16,5573.740553915585,348.3587846197241,22628.702769577918,164,148,16,0,1.8189894035458565e-12
4,160039,edge,15,True,15,10097.217552937329,673.1478368624886,38931.087764686694,386,306,15,0,-9.094947017729282e-12
4,160040,uniform,11,True,11,5944.0061632207,540.3641966564272,20445.0308161035,302,290,11,0,0.0
4,160041,uniform,11,True,11,6421.552586882973,583.7775078984521,22197.762934414866,323,309,12,1,-9.094947017729282e-13
4,160042,edge,15,True,15,9780.928043392894,652.0618695595263,37949.64021696447,365,291,15,0,0.0
4,160043,uniform,13,True,13,6357.615350500194,489.04733465386107,23198.076752500972,277,268,13,0,-9.094947017729282e-13
4,160044,uniform,12,True,12,6738.543711023624,561.5453092519687,23302.718555118114,338,328,12,0,1.8189894035458565e-12
4,160045,edge,11,True,11,8519.893206509178,774.5357460462889,32149.466032545883,345,310,11,0,1.8189894035458565e-12
4,160046,uniform,15,True,15,6290.853657425354,419.3902438283569,24514.26828712677,220,213,15,0,0.0
4,160047,uniform,16,True,16,5782.62705069898,361.4141906686863,22058.135253494896,217,206,16,0,9.094947017729282e-13
4,160048,edge,12,True,12,7861.7052513119725,655.1421042759977,29588.52625655986,318,294,12,0,0.0
4,160049,uniform,14,True,14,6163.312836484368,440.23663117745485,22256.564182421844,276,262,14,0,-9.094947017729282e-13
4,260000,edge,11,True,11,9364.707540307883,851.3370491188984,35473.53770153943,376,335,11,0,-3.637978807091713e-12
4,260001,uniform,10,True,10,6539.762496407087,653.9762496407087,22283.812482035446,341,328,10,0,-1.8189894035458565e-12
4,260002,uniform,11,True,11,6270.191933148011,570.017448468001,21610.959665740058,317,308,11,0,0.0
4,260003,edge,14,True,14,9316.945441888607,665.4961029920433,36549.72720944304,331,282,14,0,0.0
4,260004,uniform,15,True,15,5667.291294720599,377.8194196480399,20856.45647360299,238,231,15,0,9.094947017729282e-13
4,260005,uniform,10,True,10,6137.249559671256,613.7249559671257,21526.24779835627,299,287,10,0,1.8189894035458565e-12
4,260006,edge,15,True,15,9079.649436188061,605.3099624125374,35493.24718094029,326,276,15,0,3.637978807091713e-12
4,260007,uniform,13,True,13,6466.885018221129,497.4526937093176,24254.42509110565,261,246,13,0,-9.094947017729282e-13
4,260008,uniform,16,True,16,6448.2951780654,403.0184486290875,25686.475890327,208,191,16,0,0.0
4,260009,edge,10,True,10,8603.226494372955,860.3226494372955,31071.132471864777,398,346,11,1,0.0
4,260010,uniform,10,True,10,6721.16936583233,672.116936583233,22780.846829161645,354,345,10,0,9.094947017729282e-13
4,260011,uniform,13,True,13,6557.40709106218,504.41593008170616,24347.035455310895,272,263,13,0,9.094947017729282e-13
4,260012,edge,15,True,15,8683.542757116995,578.9028504744663,34012.713785585,308,266,15,0,-5.4569682106375694e-12
4,260013,uniform,10,True,10,6613.911605251928,661.3911605251928,22074.558026259634,361,344,10,0,1.8189894035458565e-12
4,260014,uniform,12,True,12,7429.5863778547655,619.1321981545638,27277.93188927382,321,309,12,0,1.8189894035458565e-12
4,260015,edge,12,True,12,8226.334321754679,685.5278601462232,30486.6716087734,352,309,12,0,0.0
4,260016,uniform,15,True,15,5580.0573090269945,372.00382060179965,20955.286545134983,221,209,15,0,-1.8189894035458565e-12
4,260017,uniform,14,True,14,5919.041411658227,422.78867226130194,21130.207058291136,272,263,14,0,0.0
4,260018,edge,11,True,11,9432.908115142873,857.5371013766248,35434.540575714374,392,331,11,0,-1.8189894035458565e-12
4,260019,uniform,16,True,16,5495.575492535776,343.473468283486,22302.877462678873,162,145,16,0,1.8189894035458565e-12
4,260020,uniform,15,True,15,6126.109130529792,408.40727536865285,21785.545652648943,284,274,15,0,3.637978807091713e-12
4,260021,edge,11,True,11,8891.568829452312,808.3244390411193,33697.844147261574,355,319,12,1,-3.637978807091713e-12
4,260022,uniform,15,True,15,6638.66902147763,442.5779347651753,25303.345107388148,253,238,15,0,0.0
4,260023,uniform,14,True,14,6017.71307854256,429.8366484673257,22683.5653927128,237,226,14,0,0.0
4,260024,edge,12,True,12,9061.89128090789,755.1576067423242,34574.45640453947,355,312,12,0,-3.637978807091713e-12
4,260025,uniform,14,True,14,6158.769023251198,439.9120730893713,22538.845116255987,265,256,14,0,0.0
4,260026,uniform,11,True,11,5675.120458459459,515.9200416781326,19735.602292297288,281,268,11,0,9.094947017729282e-13
4,260027,edge,14,True,14,9414.857540347542,672.4898243105388,36789.2877017377,340,287,14,0,1.8189894035458565e-12
4,260028,uniform,15,True,15,6143.527677229605,409.568511815307,23267.638386148028,237,230,15,0,-9.094947017729282e-13
4,260029,uniform,11,True,11,6568.0869472523345,597.0988133865759,23390.434736261675,309,290,11,0,-9.094947017729282e-13
4,260030,edge,13,True,13,8980.155982598892,690.781229430684,34965.779912994476,325,297,13,0,-3.637978807091713e-12
4,260031,uniform,15,True,15,6394.374982527791,426.2916655018527,24976.87491263896,222,214,15,0,-9.094947017729282e-13
4,260032,uniform,10,True,10,6210.720185849786,621.0720185849785,20998.60092924893,329,316,10,0,0.0
4,260033,edge,16,True,16,7799.837116570166,487.48981978563535,31809.185582850805,239,163,16,0,4.547473508864641e-12
4,260034,uniform,11,True,11,5958.222905231728,541.6566277483389,20551.114526158646,301,288,11,0,-9.094947017729282e-13
4,260035,uniform,12,True,12,6409.360439804189,534.1133699836824,23321.802199020967,284,265,12,0,-4.547473508864641e-12
4,260036,edge,11,True,11,8803.239796916307,800.2945269923915,33431.19898458152,349,317,11,0,3.637978807091713e-12
4,260037,uniform,10,True,10,6805.443080381006,680.5443080381007,23817.21540190503,334,322,10,0,9.094947017729282e-13
4,260038,uniform,15,True,15,6686.587629275151,445.7725086183434,24667.938146375753,281,273,15,0,0.0
4,260039,edge,16,True,16,8119.491410682874,507.4682131676796,33367.457053414386,240,166,16,0,-3.637978807091713e-12
4,260040,uniform,11,True,11,6206.767925597162,564.2516295997419,22118.839627985817,290,278,11,0,-1.8189894035458565e-12
4,260041,uniform,13,True,13,6992.224188471792,537.8633991132148,25631.120942358953,302,291,13,0,1.8189894035458565e-12
4,260042,edge,16,True,16,8775.936887182776,548.4960554489235,36234.68443591391,254,176,17,1,-5.4569682106375694e-12
4,260043,uniform,12,True,12,6476.996709591313,539.7497257992761,23484.983547956566,288,280,12,0,0.0
4,260044,uniform,14,True,14,7369.291794187918,526.377985299137,28401.458970939602,272,259,14,0,-2.7284841053187847e-12
4,260045,edge,14,True,14,9329.500728780095,666.3929091985782,36642.50364390048,329,286,14,0,-1.8189894035458565e-12
4,260046,uniform,14,True,14,6675.427381078654,476.81624150561817,25152.136905393254,265,250,14,0,3.637978807091713e-12
4,260047,uniform,14,True,14,6417.180378697599,458.3700270498285,24670.901893487997,237,228,14,0,-9.094947017729282e-13
4,260048,edge,11,True,11,8929.27295314438,811.7520866494891,33661.36476572189,364,322,11,0,1.8189894035458565e-12
4,260049,uniform,12,True,12,6634.904139949161,552.9086783290967,23409.520699745804,317,308,12,0,0.0
4,260050,uniform,10,True,10,6194.861152957205,619.4861152957205,20139.305764786026,355,342,10,0,0.0
4,260051,edge,10,True,10,8892.714118453054,889.2714118453054,32738.570592265256,388,355,10,0,1.8189894035458565e-12
4,260052,uniform,11,True,11,6844.789865907948,622.2536241734498,24913.94932953976,303,292,11,0,-3.637978807091713e-12
4,260053,uniform,16,True,16,5210.425613835614,325.6516008647259,20427.128069178067,176,165,16,0,9.094947017729282e-13
4,260054,edge,13,True,13,9191.56356555149,707.0433511962685,35062.81782775747,360,314,13,0,-3.637978807091713e-12
4,260055,uniform,15,True,15,7366.262915597806,491.084194373187,28226.314577989047,278,256,15,0,-3.637978807091713e-12
4,260056,uniform,12,True,12,6830.335252565951,569.1946043804959,25456.676262829766,281,274,12,0,-1.8189894035458565e-12
4,260057,edge,10,True,10,9733.148270336684,973.3148270336684,36275.74135168342,413,363,10,0,0.0
4,260058,uniform,11,True,11,6806.660726529375,618.7873387753978,24493.30363264688,311,298,11,0,-9.094947017729282e-13
4,260059,uniform,11,True,11,6453.14151155759,586.6492283234173,21880.70755778795,339,327,11,0,0.0
4,260060,edge,10,True,10,8528.797797998572,852.8797797998571,30583.98898999286,401,357,10,0,0.0
4,260061,uniform,15,True,15,7082.777940298974,472.1851960199316,26483.889701494863,287,276,15,0,9.094947017729282e-13
4,260062,uniform,13,True,13,6523.437518244013,501.8028860187702,23577.18759122006,292,283,13,0,9.094947017729282e-13
4,260063,edge,13,True,13,9051.264612724823,696.2511240557556,34056.323063624106,370,322,14,1,1.8189894035458565e-12
4,260064,uniform,13,True,13,6036.673986540615,464.3595374262012,22138.369932703077,258,254,13,0,0.0
4,260065,uniform,15,True,15,7601.493492178943,506.7662328119295,29937.467460894706,260,239,15,0,1.8189894035458565e-12
4,260066,edge,16,True,16,7386.47338275387,461.6545864221169,30412.366913769354,213,159,16,0,-9.094947017729282e-13
4,260067,uniform,16,True,16,5468.043356804581,341.7527098002863,20910.216784022905,203,191,16,0,0.0
4,260068,uniform,10,True,10,6248.626674455252,624.8626674455252,21353.13337227626,323,313,10,0,0.0
4,260069,edge,13,True,13,8654.834593479085,665.7565071906988,34014.17296739543,303,272,13,0,-1.8189894035458565e-12
4,260070,uniform,11,True,11,6685.667242917637,607.7879311743307,24138.336214588195,303,288,11,0,-1.8189894035458565e-12
4,260071,uniform,10,True,10,6181.507531773238,618.1507531773238,20962.537658866182,325,311,11,1,1.8189894035458565e-12
4,260072,edge,10,True,10,9035.247960229079,903.5247960229078,33051.23980114538,403,360,10,0,3.637978807091713e-12
4,260073,uniform,11,True,11,6532.4205586259595,593.8564144205418,23472.102793129805,299,288,11,0,-1.8189894035458565e-12
4,260074,uniform,15,True,15,5881.814056465563,392.1209370977042,21449.07028232782,254,247,15,0,-9.094947017729282e-13
4,260075,edge,14,True,14,9704.620461751174,693.1871758393696,37933.102308755886,352,288,14,0,-3.637978807091713e-12
4,260076,uniform,11,True,11,6057.892591470846,550.7175083155315,20419.462957354233,322,309,11,0,-9.094947017729282e-13
4,260077,uniform,12,True,12,6811.524831149817,567.6270692624847,25497.624155749087,278,262,12,0,0.0
4,260078,edge,14,True,14,9156.9562683704,654.0683048836,36184.78134185201,315,275,14,0,-1.8189894035458565e-12
4,260079,uniform,13,True,13,6558.63756623735,504.5105820182577,23633.187831186755,297,282,13,0,-9.094947017729282e-13
4,260080,uniform,10,True,10,6027.351532982061,602.7351532982061,21236.757664910314,291,275,10,0,-1.8189894035458565e-12
4,260081,edge,14,True,14,9094.765132172806,649.6260808694861,35578.825660864044,326,276,15,1,-1.8189894035458565e-12
4,260082,uniform,14,True,14,6102.621286755189,435.90152048251355,23193.106433775953,234,224,14,0,-9.094947017729282e-13
4,260083,uniform,15,True,15,6118.154084853407,407.87693899022713,22555.770424267026,257,247,15,0,1.8189894035458565e-12
4,260084,edge,12,True,12,9247.911257133544,770.6592714277954,34719.556285667706,385,319,12,0,3.637978807091713e-12
4,260085,uniform,10,True,10,6931.540434154145,693.1540434154145,24037.70217077073,348,334,10,0,-9.094947017729282e-13
4,260086,uniform,13,True,13,6849.852121189317,526.9117016299474,26134.26060594659,262,248,13,0,-1.8189894035458565e-12
4,260087,edge,14,True,14,8718.872419473737,622.7766013909812,33764.36209736868,321,291,14,0,1.8189894035458565e-12
4,260088,uniform,13,True,13,6094.408218200694,468.80063216928414,22827.041091003477,246,234,13,0,-9.094947017729282e-13
4,260089,uniform,13,True,13,6360.872621669255,489.29789397455806,23314.36310834627,275,258,13,0,9.094947017729282e-13
4,260090,edge,15,True,15,10312.92475206116,687.5283168040773,40829.62376030581,356,292,15,0,-1.8189894035458565e-12
4,260091,uniform,14,True,14,6011.021053210482,429.3586466578916,22440.105266052422,244,233,14,0,-2.7284841053187847e-12
4,260092,uniform,12,True,12,6500.811137134036,541.7342614278363,22764.055685670184,316,308,12,0,-9.094947017729282e-13
4,260093,edge,12,True,12,9382.30314418974,781.858595349145,35811.5157209487,368,320,12,0,0.0
4,260094,uniform,12,True,12,6293.001884738585,524.4168237282155,22570.009423692933,288,276,13,1,-9.094947017729282e-13
4,260095,uniform,14,True,14,6343.298734675351,453.09276676252506,23811.493673376757,253,246,14,0,-9.094947017729282e-13
4,260096,edge,14,True,14,8101.852743354858,578.7037673824899,31369.263716774294,300,258,14,0,-9.094947017729282e-13
4,260097,uniform,10,True,10,7439.942584578493,743.9942584578492,26934.712922892468,336,323,10,0,-9.094947017729282e-13
4,260098,uniform,10,True,10,6581.723040016019,658.1723040016019,22508.615200080094,341,325,10,0,0.0
4,260099,edge,11,True,11,8987.50458545712,817.0458714051928,33867.52292728561,366,329,11,0,-1.8189894035458565e-12
4,260100,uniform,12,True,12,6410.055405543231,534.1712837952692,22645.277027716147,305,296,12,0,1.8189894035458565e-12
4,260101,uniform,13,True,13,6191.503834052641,476.269525696357,21982.5191702632,290,280,13,0,9.094947017729282e-13
4,260102,edge,13,True,13,8779.659746835516,675.3584420642704,34048.29873417758,324,285,13,0,0.0
4,260103,uniform,10,True,10,5896.308821282608,589.6308821282607,20246.54410641305,302,287,10,0,-1.8189894035458565e-12
4,260104,uniform,12,True,12,6388.997258560633,532.4164382133861,23099.986292803165,287,274,12,0,0.0
4,260105,edge,13,True,13,8958.342477477234,689.1032674982488,33811.71238738618,365,306,13,0,-1.8189894035458565e-12
4,260106,uniform,10,True,10,6101.930430667745,610.1930430667745,21054.652153338728,309,296,10,0,-9.094947017729282e-13
4,260107,uniform,16,True,16,6613.37772147902,413.33610759243874,25816.888607395107,231,215,16,0,-1.8189894035458565e-12
4,260108,edge,15,True,15,8693.138124034991,579.5425416023328,34370.69062017495,298,251,16,1,0.0
4,260109,uniform,15,True,15,7295.704185057992,486.3802790038661,27998.520925289955,273,256,15,0,9.094947017729282e-13
4,260110,uniform,15,True,15,5837.498753715709,389.1665835810473,22412.493768578544,215,205,15,0,9.094947017729282e-13
4,260111,edge,14,True,14,9388.903007709881,670.6359291221344,37504.51503854941,310,268,14,0,-1.8189894035458565e-12
4,260112,uniform,11,True,11,6301.397671856651,572.8543338051501,22301.988359283252,299,291,11,0,9.094947017729282e-13
4,260113,uniform,15,True,15,6647.036125709188,443.1357417139459,25980.18062854595,231,221,15,0,-1.8189894035458565e-12
4,260114,edge,16,True,16,8460.981862821993,528.8113664263745,34414.90931410998,261,193,16,0,-3.637978807091713e-12
4,260115,uniform,13,True,13,6621.1996568766135,509.32305052897027,24580.998284383066,275,265,13,0,0.0
4,260116,uniform,11,True,11,5780.873177580179,525.5339252345617,20269.36588790089,281,267,11,0,9.094947017729282e-13
4,260117,edge,15,True,15,8488.761805143846,565.9174536762564,33338.809025719216,297,258,16,1,1.8189894035458565e-12
4,260118,uniform,13,True,13,5773.412648015927,444.10866523199434,20872.06324007963,257,249,13,0,0.0
4,260119,uniform,13,True,13,6654.892091321789,511.9147762555222,24269.460456608944,291,281,13,0,0.0
4,260120,edge,16,True,16,8511.498864534231,531.9686790333894,34792.494322671155,257,188,16,0,0.0
4,260121,uniform,15,True,15,7361.405734153555,490.76038227690367,27802.02867076777,290,276,15,0,1.8189894035458565e-12
4,260122,uniform,16,True,16,5515.021058549735,344.68881615935845,21520.105292748674,191,176,16,0,0.0
4,260123,edge,11,True,11,9208.19799804504,837.1089089131855,33755.98999022521,409,357,11,0,-1.8189894035458565e-12
4,260124,uniform,15,True,15,6618.641343193461,441.2427562128974,25868.20671596731,230,220,15,0,-9.094947017729282e-13
4,260125,uniform,10,True,10,6477.492632106925,647.7492632106926,22782.463160534626,314,301,10,0,0.0
4,260126,edge,15,True,15,9519.770863271153,634.6513908847435,37163.85431635578,345,287,15,0,-1.8189894035458565e-12
4,260127,uniform,10,True,10,7243.421088097842,724.3421088097841,25927.105440489206,337,323,10,0,9.094947017729282e-13
4,260128,uniform,12,True,12,6093.505827019831,507.79215225165257,20907.529135099154,310,302,12,0,0.0
4,260129,edge,13,True,13,9569.596238867927,736.1227876052252,36737.98119433964,368,317,13,0,-1.8189894035458565e-12
4,260130,uniform,11,True,11,6694.347370404986,608.5770336731805,23891.736852024933,313,296,11,0,-9.094947017729282e-13
4,260131,uniform,11,True,11,5975.65624137239,543.241476488399,20878.28120686193,293,280,11,0,3.637978807091713e-12
4,260132,edge,13,True,13,9003.690166262042,692.5915512509263,35193.45083131022,322,290,13,0,-1.8189894035458565e-12
4,260133,uniform,13,True,13,6048.147791505642,465.2421378081263,21640.73895752821,277,270,13,0,0.0
4,260134,uniform,16,True,16,6240.433552030681,390.0270970019176,24002.167760153414,230,210,16,0,-1.8189894035458565e-12
4,260135,edge,15,True,15,9660.585737160736,644.039049144049,37902.92868580369,344,285,15,0,-1.8189894035458565e-12
4,260136,uniform,16,True,16,4594.2621687905,287.14138554940627,18146.3108439525,150,135,16,0,9.094947017729282e-13
4,260137,uniform,10,True,10,6213.538620633827,621.3538620633827,20147.693103169135,358,344,10,0,0.0
4,260138,edge,14,True,14,8925.864839585147,637.5617742560819,34394.32419792576,337,292,14,0,-5.4569682106375694e-12
4,260139,uniform,15,True,15,6179.004437362147,411.93362915747645,23070.022186810733,250,240,15,0,0.0
4,260140,uniform,16,True,16,5328.823850779396,333.05149067371224,19764.11925389697,219,201,16,0,1.8189894035458565e-12
4,260141,edge,10,True,10,8487.197638221201,848.7197638221202,31455.988191105997,363,331,10,0,1.8189894035458565e-12
4,260142,uniform,14,True,14,5790.608876281222,413.614919734373,21418.04438140611,241,232,14,0,0.0
4,260143,uniform,10,True,10,6735.324072024988,673.5324072024988,22851.62036012495,355,340,10,0,-2.7284841053187847e-12
4,260144,edge,11,True,11,8861.524192911478,805.593108446498,32972.62096455739,376,332,11,0,0.0
4,260145,uniform,15,True,15,5768.7542110426475,384.58361406950985,22383.771055213245,205,192,15,0,-1.8189894035458565e-12
4,260146,uniform,12,True,12,6071.092146239676,505.92434551997303,22830.460731198393,243,230,12,0,-1.8189894035458565e-12
4,260147,edge,16,True,16,7524.468000811424,470.279250050714,30982.34000405713,213,183,16,0,-1.8189894035458565e-12
4,260148,uniform,15,True,15,6727.1916283753135,448.47944189168754,25710.958141876563,254,240,15,0,9.094947017729282e-13
4,260149,uniform,13,True,13,6205.908346520823,477.3775651169864,23174.541732604106,253,241,13,0,1.8189894035458565e-12
4,260150,edge,14,True,14,9273.13446227298,662.3667473052128,36790.6723113649,313,280,14,0,0.0
4,260151,uniform,12,True,12,6757.980407790408,563.165033982534,23904.90203895203,321,312,12,0,1.8189894035458565e-12
4,260152,uniform,11,True,11,6453.222224168566,586.656565833506,22801.11112084283,308,298,11,0,0.0
4,260153,edge,12,True,12,9157.165619232594,763.0971349360494,34775.82809616299,365,317,12,0,-5.4569682106375694e-12
4,260154,uniform,15,True,15,6501.1125926124505,433.40750617416336,25275.56296306226,230,221,15,0,-1.8189894035458565e-12
4,260155,uniform,12,True,12,6415.111115489015,534.5925929574179,22125.55557744507,324,310,12,0,9.094947017729282e-13
4,260156,edge,10,True,10,8594.272427441969,859.4272427441969,32521.36213720985,344,320,10,0,-1.8189894035458565e-12
4,260157,uniform,12,True,12,6436.1762287288075,536.3480190607339,22030.881143644026,330,320,12,0,1.8189894035458565e-12
4,260158,uniform,10,True,10,5996.8677653672,599.68677653672,20074.338826835996,324,312,10,0,9.094947017729282e-13
4,260159,edge,15,True,15,9520.278641280234,634.6852427520156,38766.39320640116,289,247,15,0,1.8189894035458565e-12
4,260160,uniform,15,True,15,5878.768800266844,391.9179200177896,22008.844001334215,235,227,15,0,9.094947017729282e-13
4,260161,uniform,12,True,12,7266.290942180139,605.5242451816782,25461.45471090069,355,339,12,0,9.094947017729282e-13
4,260162,edge,11,True,11,8988.296649451551,817.1178772228683,33811.48324725779,368,331,11,0,-7.275957614183426e-12
4,260163,uniform,16,True,16,4571.798087752736,285.737380484546,17838.990438763678,157,139,16,0,9.094947017729282e-13
4,260164,uniform,12,True,12,5873.211008541605,489.4342507118004,21036.055042708023,270,256,12,0,9.094947017729282e-13
4,260165,edge,11,True,11,9259.724809776404,841.7931645251276,35313.62404888205,364,322,11,0,-5.4569682106375694e-12
4,260166,uniform,11,True,11,6265.83367257454,569.6212429613219,22229.168362872708,296,285,11,0,-9.094947017729282e-13
4,260167,uniform,13,True,13,6141.451170196381,472.419320784337,21572.255850981914,295,287,13,0,-1.8189894035458565e-12
4,260168,edge,15,True,15,9547.180157667442,636.4786771778295,37585.90078833722,335,277,16,1,-1.8189894035458565e-12
4,260169,uniform,16,True,16,6203.483908874141,387.7177443046338,23692.419544370707,233,220,16,0,0.0
4,260170,uniform,16,True,16,5661.4057782689515,353.83786114180947,23032.028891344755,167,140,16,0,9.094947017729282e-13
4,260171,edge,12,True,12,9367.726260074309,780.6438550061924,35018.63130037155,395,329,12,0,0.0
4,260172,uniform,13,True,13,7096.439482249379,545.8799601730291,25817.197411246896,314,298,13,0,-9.094947017729282e-13
4,260173,uniform,16,True,16,5326.707499928391,332.91921874552446,20163.53749964196,205,189,16,0,-9.094947017729282e-13
4,260174,edge,13,True,13,7414.235728076292,570.3258252366378,28411.17864038146,282,257,13,0,0.0
4,260175,uniform,14,True,14,6469.463176539154,462.1045126099396,23812.31588269577,275,262,14,0,0.0
4,260176,uniform,16,True,16,5430.379695969943,339.39873099812144,21656.89847984972,173,154,16,0,-9.094947017729282e-13
4,260177,edge,10,True,10,8684.881973950449,868.4881973950448,32109.40986975225,374,343,10,0,-1.8189894035458565e-12
4,260178,uniform,12,True,12,6315.345078532556,526.2787565443797,21841.725392662775,316,307,12,0,9.094947017729282e-13
4,260179,uniform,16,True,16,3934.47165265859,245.90447829116187,14902.35826329295,147,139,16,0,0.0
4,260180,edge,12,True,12,9816.325694292178,818.0271411910148,37251.62847146088,395,331,12,0,1.8189894035458565e-12
4,260181,uniform,11,True,11,6579.238730037437,598.1126118215851,22926.19365018719,325,314,11,0,-9.094947017729282e-13
4,260182,uniform,11,True,11,6479.74281085278,589.0675282593437,22018.714054263903,338,331,11,0,0.0
4,260183,edge,13,True,13,9233.55976027514,710.2738277134723,35947.798801375735,337,294,13,0,-7.275957614183426e-12
4,260184,uniform,13,True,13,6989.9107436256345,537.6854418173565,25819.553718128176,295,286,13,0,-9.094947017729282e-13
4,260185,uniform,12,True,12,6247.710707625454,520.6425589687879,22258.55353812727,291,281,12,0,0.0
4,260186,edge,15,True,15,8924.633802174689,594.9755868116459,35433.16901087346,300,260,16,1,-3.637978807091713e-12
4,260187,uniform,16,True,16,3472.5622338471812,217.03513961544883,13197.811169235909,127,118,16,0,-4.547473508864641e-13
4,260188,uniform,10,True,10,6506.98828713194,650.698828713194,22444.9414356597,330,318,10,0,-9.094947017729282e-13
4,260189,edge,14,True,14,8742.390593963011,624.456470997358,33996.95296981507,320,273,14,0,-3.637978807091713e-12
4,260190,uniform,11,True,11,7271.582687708473,661.0529716098612,26592.913438542368,318,308,11,0,-9.094947017729282e-13
4,260191,uniform,14,True,14,6817.797636662922,486.985545475923,26333.988183314614,249,236,14,0,-9.094947017729282e-13
4,260192,edge,15,True,15,9470.688733638051,631.3792489092034,37943.44366819028,310,257,15,0,-5.4569682106375694e-12
4,260193,uniform,11,True,11,6216.385757952145,565.1259779956495,22161.928789760725,290,279,11,0,0.0
4,260194,uniform,10,True,10,6731.40547878117,673.140547878117,23822.02739390585,321,312,10,0,0.0
4,260195,edge,16,True,16,7361.456251128284,460.09101569551774,30072.28125564143,222,154,17,1,-1.8189894035458565e-12
4,260196,uniform,15,True,15,5606.7788477293325,373.78525651528884,21503.89423864667,207,196,15,0,-1.8189894035458565e-12
4,260197,uniform,14,True,14,6128.207321786521,437.7290944133229,22891.036608932613,248,240,14,0,-1.8189894035458565e-12
4,260198,edge,16,True,16,7608.225510209153,475.51409438807207,30611.12755104577,241,201,16,0,-9.094947017729282e-13
4,260199,uniform,12,True,12,5841.314825515605,486.7762354596337,20916.574127578013,269,253,12,0,1.8189894035458565e-12
